scorer,AVI_sub5_5m_spon,AVI_sub5_5m_spon,AVI_sub5_5m_spon,AVI_sub5_5m_spon,AVI_sub5_5m_spon,AVI_sub5_5m_spon,AVI_sub5_5m_spon,AVI_sub5_5m_spon,AVI_sub5_5m_spon,AVI_sub5_5m_spon,AVI_sub5_5m_spon,AVI_sub5_5m_spon
bodyparts,leftshoulder,leftshoulder,leftelbow,leftelbow,leftwrist,leftwrist,rightshoulder,rightshoulder,rightelbow,rightelbow,rightwrist,rightwrist
coords,x,y,x,y,x,y,x,y,x,y,x,y
labeled-data/AVI_sub5_5m_spon/img0000.png,386.75186061069763,153.80445851012036,425.07974542672326,222.98161647075193,444.7111010641998,284.6801627599639,266.15924740905615,179.0447729011616,259.61546219656395,268.7881129581972,266.15924740905615,334.2259650831189
labeled-data/AVI_sub5_5m_spon/img0023.png,381.1429018571329,147.26067329762816,425.07974542672326,220.17713709396958,439.102142310635,285.6149892188913,261.4851151144189,184.6537316547263,258.6806357376365,267.8532864992697,262.4199415733463,331.42148570633657
labeled-data/AVI_sub5_5m_spon/img0027.png,381.1429018571329,150.999979133338,422.27526604994085,222.98161647075193,444.7111010641998,287.48464213674623,264.2895944912012,184.6537316547263,261.4851151144189,268.7881129581972,261.4851151144189,329.55183278848165
labeled-data/AVI_sub5_5m_spon/img0028.png,382.07772831606036,154.7392849690478,419.47078667315856,221.111963552897,438.16731585170754,280.0060304653266,264.2895944912012,180.91442581901651,257.7458092787091,268.7881129581972,262.4199415733463,337.96527091882876
labeled-data/AVI_sub5_5m_spon/img0064.png,383.01255477498785,156.6089378869027,422.27526604994085,221.111963552897,440.0369687695625,282.81050984210896,268.02890032691107,187.45821103150865,259.61546219656395,268.7881129581972,261.4851151144189,338.9000973777562
labeled-data/AVI_sub5_5m_spon/img0066.png,383.01255477498785,152.86963205119287,419.47078667315856,226.72092230646172,439.102142310635,279.07120400639917,260.55028865549144,183.71890519579887,256.8109828197816,269.7229394171246,262.4199415733463,344.5090561313209
labeled-data/AVI_sub5_5m_spon/img0097.png,388.62151352855255,157.54376434583014,423.2100925088683,222.98161647075193,438.16731585170754,283.74533630103645,267.0940738679836,180.91442581901651,257.7458092787091,267.8532864992697,263.3547680322738,337.03044445990133
labeled-data/AVI_sub5_5m_spon/img0101.png,383.9473812339153,158.47859080475763,424.14491896779583,225.78609584753428,442.8414481463448,280.0060304653266,270.8333797036934,183.71890519579887,266.15924740905615,267.8532864992697,268.02890032691107,337.03044445990133
labeled-data/AVI_sub5_5m_spon/img0116.png,385.8170341517702,153.80445851012036,417.6011337553036,223.91644292967936,438.16731585170754,277.20155108854425,268.02890032691107,174.37064060652432,257.7458092787091,269.7229394171246,269.89855324476594,337.96527091882876
labeled-data/AVI_sub5_5m_spon/img0142.png,383.01255477498785,154.7392849690478,424.14491896779583,221.111963552897,442.8414481463448,280.0060304653266,267.0940738679836,183.71890519579887,255.87615636085417,264.1139806635599,264.2895944912012,337.03044445990133
labeled-data/AVI_sub5_5m_spon/img0154.png,385.8170341517702,152.86963205119287,426.0145718856507,225.78609584753428,443.77627460527225,280.0060304653266,267.0940738679836,177.17511998330667,256.8109828197816,266.91846004034227,266.15924740905615,338.9000973777562
labeled-data/AVI_sub5_5m_spon/img0159.png,385.8170341517702,150.999979133338,424.14491896779583,221.111963552897,440.0369687695625,279.07120400639917,263.3547680322738,186.52338457258122,259.61546219656395,265.04880712248735,263.3547680322738,341.7045767545386
labeled-data/AVI_sub5_5m_spon/img0175.png,382.07772831606036,150.999979133338,426.0145718856507,222.98161647075193,440.97179522848995,280.9408569242541,268.02890032691107,183.71890519579887,259.61546219656395,268.7881129581972,263.3547680322738,340.7697502956111
labeled-data/AVI_sub5_5m_spon/img0189.png,381.1429018571329,153.80445851012036,426.9493983445781,222.98161647075193,440.0369687695625,278.1363775474717,266.15924740905615,181.84925227794395,259.61546219656395,273.4622452528344,264.2895944912012,344.5090561313209
labeled-data/AVI_sub5_5m_spon/img0190.png,387.68668706962507,156.6089378869027,424.14491896779583,220.17713709396958,443.77627460527225,280.0060304653266,264.2895944912012,183.71890519579887,261.4851151144189,265.9836335814148,268.9637267858385,334.2259650831189
labeled-data/AVI_sub5_5m_spon/img0191.png,384.8822076928427,155.67411142797522,423.2100925088683,220.17713709396958,442.8414481463448,280.0060304653266,267.0940738679836,183.71890519579887,257.7458092787091,272.527418793907,264.2895944912012,337.96527091882876
labeled-data/AVI_sub5_5m_spon/img0214.png,384.8822076928427,150.999979133338,422.27526604994085,225.78609584753428,442.8414481463448,279.07120400639917,268.02890032691107,183.71890519579887,258.6806357376365,264.1139806635599,268.9637267858385,339.83492383668363
labeled-data/AVI_sub5_5m_spon/img0224.png,384.8822076928427,150.999979133338,422.27526604994085,222.98161647075193,442.8414481463448,280.9408569242541,268.9637267858385,178.10994644223416,260.55028865549144,265.9836335814148,263.3547680322738,337.96527091882876
labeled-data/AVI_sub5_5m_spon/img0238.png,381.1429018571329,155.67411142797522,423.2100925088683,225.78609584753428,443.77627460527225,280.0060304653266,266.15924740905615,176.24029352437924,258.6806357376365,267.8532864992697,266.15924740905615,339.83492383668363
labeled-data/AVI_sub5_5m_spon/img0281.png,388.62151352855255,153.80445851012036,423.2100925088683,222.98161647075193,440.97179522848995,279.07120400639917,264.2895944912012,183.71890519579887,262.4199415733463,264.1139806635599,267.0940738679836,337.03044445990133
labeled-data/AVI_sub5_5m_spon/img0293.png,388.62151352855255,152.86963205119287,422.27526604994085,224.85126938860685,440.97179522848995,280.9408569242541,266.15924740905615,187.45821103150865,258.6806357376365,271.59259233497954,262.4199415733463,339.83492383668363
labeled-data/AVI_sub5_5m_spon/img0303.png,383.01255477498785,157.54376434583014,422.27526604994085,225.78609584753428,442.8414481463448,280.0060304653266,269.89855324476594,180.91442581901651,255.87615636085417,267.8532864992697,264.2895944912012,334.2259650831189
labeled-data/AVI_sub5_5m_spon/img0319.png,383.01255477498785,154.7392849690478,424.14491896779583,224.85126938860685,440.97179522848995,280.9408569242541,266.15924740905615,181.84925227794395,252.13685052514433,267.8532864992697,264.2895944912012,337.96527091882876
labeled-data/AVI_sub5_5m_spon/img0345.png,387.68668706962507,153.80445851012036,425.07974542672326,222.98161647075193,440.97179522848995,276.2667246296168,272.70303262154835,175.30546706545175,261.4851151144189,275.3318981706893,267.0940738679836,337.03044445990133
labeled-data/AVI_sub5_5m_spon/img0368.png,382.07772831606036,152.86963205119287,426.0145718856507,224.85126938860685,440.0369687695625,279.07120400639917,267.0940738679836,176.24029352437924,258.6806357376365,269.7229394171246,263.3547680322738,335.16079154204635
labeled-data/AVI_sub5_5m_spon/img0376.png,381.1429018571329,155.67411142797522,423.2100925088683,223.91644292967936,439.102142310635,282.81050984210896,268.9637267858385,177.17511998330667,262.4199415733463,265.9836335814148,263.3547680322738,345.4438825902484
labeled-data/AVI_sub5_5m_spon/img0406.png,382.07772831606036,144.4561939208458,422.27526604994085,216.43783125825973,440.97179522848995,276.2667246296168,268.02890032691107,180.91442581901651,259.61546219656395,266.91846004034227,260.55028865549144,343.57422967239347
labeled-data/AVI_sub5_5m_spon/img0436.png,382.07772831606036,146.32584683870073,419.47078667315856,221.111963552897,443.77627460527225,280.0060304653266,264.2895944912012,184.6537316547263,257.7458092787091,259.43984836892264,266.15924740905615,344.5090561313209
labeled-data/AVI_sub5_5m_spon/img0447.png,380.20807539820544,148.1954997565556,422.27526604994085,223.91644292967936,442.8414481463448,280.0060304653266,268.02890032691107,180.91442581901651,261.4851151144189,266.91846004034227,260.55028865549144,341.7045767545386
labeled-data/AVI_sub5_5m_spon/img0469.png,392.36081936426234,153.80445851012036,424.14491896779583,221.111963552897,443.77627460527225,282.81050984210896,272.70303262154835,175.30546706545175,263.3547680322738,264.1139806635599,262.4199415733463,343.57422967239347
labeled-data/AVI_sub5_5m_spon/img0470.png,393.29564582318983,152.86963205119287,426.9493983445781,225.78609584753428,440.97179522848995,281.8756833831815,270.8333797036934,173.4358141475969,264.2895944912012,265.9836335814148,267.0940738679836,339.83492383668363
labeled-data/AVI_sub5_5m_spon/img0473.png,396.1001251999722,157.54376434583014,426.9493983445781,226.72092230646172,442.8414481463448,281.8756833831815,268.9637267858385,173.4358141475969,262.4199415733463,264.1139806635599,267.0940738679836,337.96527091882876
labeled-data/AVI_sub5_5m_spon/img0486.png,394.23047228211726,157.54376434583014,429.75387772136054,224.85126938860685,447.5155804409821,280.9408569242541,273.6378590804758,183.71890519579887,263.3547680322738,265.04880712248735,267.0940738679836,339.83492383668363
labeled-data/AVI_sub5_5m_spon/img0500.png,387.68668706962507,155.67411142797522,426.0145718856507,221.111963552897,444.7111010641998,280.9408569242541,271.76820616262086,185.5885581136538,263.3547680322738,271.59259233497954,266.15924740905615,334.2259650831189
labeled-data/AVI_sub5_5m_spon/img0503.png,388.62151352855255,160.3482437226125,426.0145718856507,224.85126938860685,444.7111010641998,285.6149892188913,263.3547680322738,189.32786394936358,263.3547680322738,273.4622452528344,261.4851151144189,333.2911386241915
labeled-data/AVI_sub5_5m_spon/img0506.png,384.8822076928427,155.67411142797522,423.2100925088683,221.111963552897,445.6459275231272,281.8756833831815,264.2895944912012,197.7413020797107,260.55028865549144,272.527418793907,260.55028865549144,338.9000973777562
labeled-data/AVI_sub5_5m_spon/img0508.png,396.1001251999722,161.28307018153998,424.14491896779583,223.91644292967936,445.6459275231272,285.6149892188913,259.61546219656395,204.28508729220283,256.8109828197816,271.59259233497954,262.4199415733463,334.2259650831189
labeled-data/AVI_sub5_5m_spon/img0512.png,388.62151352855255,161.28307018153998,426.0145718856507,225.78609584753428,445.6459275231272,280.9408569242541,263.3547680322738,202.41543437434797,262.4199415733463,271.59259233497954,261.4851151144189,337.03044445990133
labeled-data/AVI_sub5_5m_spon/img0544.png,387.68668706962507,162.21789664046742,426.0145718856507,223.91644292967936,444.7111010641998,282.81050984210896,270.8333797036934,194.93682270292828,258.6806357376365,272.527418793907,260.55028865549144,337.96527091882876
labeled-data/AVI_sub5_5m_spon/img0565.png,388.62151352855255,160.3482437226125,427.88422480350556,222.98161647075193,446.58075398205466,281.8756833831815,271.76820616262086,199.61095499756556,260.55028865549144,277.20155108854425,257.7458092787091,339.83492383668363
labeled-data/AVI_sub5_5m_spon/img0628.png,387.68668706962507,160.3482437226125,427.88422480350556,224.85126938860685,445.6459275231272,283.74533630103645,271.76820616262086,197.7413020797107,260.55028865549144,275.3318981706893,262.4199415733463,337.03044445990133
labeled-data/AVI_sub5_5m_spon/img0632.png,391.4259929053349,157.54376434583014,428.819051262433,221.111963552897,445.6459275231272,280.0060304653266,268.9637267858385,202.41543437434797,257.7458092787091,276.2667246296168,262.4199415733463,337.03044445990133
labeled-data/AVI_sub5_5m_spon/img0637.png,385.8170341517702,155.67411142797522,433.49318355707027,219.2423106350421,447.5155804409821,280.0060304653266,267.0940738679836,199.61095499756556,263.3547680322738,276.2667246296168,260.55028865549144,342.63940321346604
labeled-data/AVI_sub5_5m_spon/img0660.png,387.68668706962507,155.67411142797522,427.88422480350556,221.111963552897,444.7111010641998,283.74533630103645,268.9637267858385,203.3502608332754,261.4851151144189,279.07120400639917,269.89855324476594,340.7697502956111
labeled-data/AVI_sub5_5m_spon/img0668.png,388.62151352855255,155.67411142797522,430.68870418028797,220.17713709396958,444.7111010641998,282.81050984210896,267.0940738679836,200.54578145649305,261.4851151144189,279.07120400639917,264.2895944912012,342.63940321346604
labeled-data/AVI_sub5_5m_spon/img0678.png,375.5339431035682,150.0651526744105,423.2100925088683,217.37265771718722,442.8414481463448,285.6149892188913,267.0940738679836,202.41543437434797,261.4851151144189,272.527418793907,262.4199415733463,339.83492383668363
labeled-data/AVI_sub5_5m_spon/img0686.png,375.5339431035682,145.39102037977324,420.405613132086,213.63335188147738,442.8414481463448,278.1363775474717,261.4851151144189,200.54578145649305,261.4851151144189,273.4622452528344,264.2895944912012,337.03044445990133
labeled-data/AVI_sub5_5m_spon/img0704.png,372.7294637267858,146.32584683870073,420.405613132086,216.43783125825973,440.0369687695625,276.2667246296168,258.6806357376365,195.87164916185577,261.4851151144189,275.3318981706893,266.15924740905615,340.7697502956111
labeled-data/AVI_sub5_5m_spon/img0712.png,371.7946372678584,148.1954997565556,422.27526604994085,217.37265771718722,440.0369687695625,281.8756833831815,256.8109828197816,196.8064756207832,256.8109828197816,281.8756833831815,264.2895944912012,343.57422967239347
labeled-data/AVI_sub5_5m_spon/img0714.png,373.6642901857133,151.93480559226543,416.66630729637615,217.37265771718722,434.4280100159978,282.81050984210896,260.55028865549144,194.93682270292828,260.55028865549144,279.07120400639917,268.9637267858385,347.3135355081033
labeled-data/AVI_sub5_5m_spon/img0728.png,373.6642901857133,148.1954997565556,422.27526604994085,220.17713709396958,440.97179522848995,280.9408569242541,259.61546219656395,198.67612853863812,255.87615636085417,276.2667246296168,267.0940738679836,345.4438825902484
labeled-data/AVI_sub5_5m_spon/img0729.png,372.7294637267858,151.93480559226543,424.14491896779583,221.111963552897,437.2324893927801,286.5498156778188,255.87615636085417,197.7413020797107,258.6806357376365,279.07120400639917,260.55028865549144,344.5090561313209
labeled-data/AVI_sub5_5m_spon/img0756.png,375.5339431035682,150.999979133338,419.47078667315856,217.37265771718722,440.97179522848995,279.07120400639917,258.6806357376365,197.7413020797107,258.6806357376365,275.3318981706893,263.3547680322738,347.3135355081033
labeled-data/AVI_sub5_5m_spon/img0774.png,375.5339431035682,150.0651526744105,422.27526604994085,221.111963552897,440.97179522848995,281.8756833831815,257.7458092787091,194.93682270292828,250.26719760728946,283.74533630103645,266.15924740905615,344.5090561313209
labeled-data/AVI_sub5_5m_spon/img0775.png,375.5339431035682,151.93480559226543,423.2100925088683,220.17713709396958,440.0369687695625,280.0060304653266,261.4851151144189,197.7413020797107,258.6806357376365,280.9408569242541,264.2895944912012,350.1180148848856
labeled-data/AVI_sub5_5m_spon/img0789.png,374.59911664464073,147.26067329762816,420.405613132086,221.111963552897,438.16731585170754,285.6149892188913,259.61546219656395,197.7413020797107,258.6806357376365,278.1363775474717,268.9637267858385,344.5090561313209
labeled-data/AVI_sub5_5m_spon/img0794.png,372.7294637267858,150.0651526744105,425.07974542672326,219.2423106350421,439.102142310635,278.1363775474717,261.4851151144189,194.93682270292828,261.4851151144189,277.20155108854425,270.8333797036934,345.4438825902484
labeled-data/AVI_sub5_5m_spon/img0800.png,372.7294637267858,146.32584683870073,419.47078667315856,220.17713709396958,437.2324893927801,285.6149892188913,257.7458092787091,195.87164916185577,263.3547680322738,279.07120400639917,267.0940738679836,342.63940321346604
labeled-data/AVI_sub5_5m_spon/img0810.png,374.59911664464073,147.26067329762816,420.405613132086,220.17713709396958,439.102142310635,280.0060304653266,256.8109828197816,193.06716978507342,254.00650344299925,282.81050984210896,263.3547680322738,343.57422967239347
labeled-data/AVI_sub5_5m_spon/img0812.png,370.85981080893094,146.32584683870073,422.27526604994085,221.111963552897,438.16731585170754,278.1363775474717,262.4199415733463,190.26269040829106,260.55028865549144,280.9408569242541,260.55028865549144,349.1831884259582
labeled-data/AVI_sub5_5m_spon/img0824.png,378.3384224803506,148.1954997565556,420.405613132086,223.91644292967936,437.2324893927801,282.81050984210896,257.7458092787091,194.93682270292828,260.55028865549144,280.0060304653266,260.55028865549144,342.63940321346604
labeled-data/AVI_sub5_5m_spon/img0825.png,374.59911664464073,152.86963205119287,420.405613132086,220.17713709396958,440.0369687695625,283.74533630103645,258.6806357376365,195.87164916185577,261.4851151144189,281.8756833831815,255.87615636085417,343.57422967239347
labeled-data/AVI_sub5_5m_spon/img0834.png,375.5339431035682,150.0651526744105,417.6011337553036,222.98161647075193,440.97179522848995,288.4194685956737,256.8109828197816,192.13234332614593,253.07167698407181,282.81050984210896,261.4851151144189,351.0528413438131
labeled-data/AVI_sub5_5m_spon/img0839.png,372.7294637267858,150.999979133338,420.405613132086,225.78609584753428,440.0369687695625,289.35429505460115,257.7458092787091,194.93682270292828,258.6806357376365,281.8756833831815,264.2895944912012,351.0528413438131
labeled-data/AVI_sub5_5m_spon/img0844.png,376.46876956249565,151.93480559226543,416.66630729637615,223.91644292967936,437.2324893927801,286.5498156778188,262.4199415733463,194.00199624400085,256.8109828197816,280.9408569242541,264.2895944912012,347.3135355081033
labeled-data/AVI_sub5_5m_spon/img0854.png,368.0553314321486,150.999979133338,422.27526604994085,229.52540168324413,445.6459275231272,290.2891215135286,261.4851151144189,190.26269040829106,262.4199415733463,279.07120400639917,262.4199415733463,351.0528413438131
labeled-data/AVI_sub5_5m_spon/img0856.png,371.7946372678584,152.86963205119287,418.535960214231,230.46022814217156,439.102142310635,295.89808026709335,260.55028865549144,190.26269040829106,252.13685052514433,280.0060304653266,263.3547680322738,341.7045767545386
labeled-data/AVI_sub5_5m_spon/img0859.png,369.92498435000346,156.6089378869027,416.66630729637615,238.87366627251862,444.7111010641998,299.63738610280313,259.61546219656395,194.93682270292828,254.00650344299925,288.4194685956737,263.3547680322738,348.24836196703075
labeled-data/AVI_sub5_5m_spon/img0870.png,371.7946372678584,160.3482437226125,419.47078667315856,238.87366627251862,442.8414481463448,301.50703902065806,258.6806357376365,194.00199624400085,258.6806357376365,286.5498156778188,264.2895944912012,348.24836196703075
labeled-data/AVI_sub5_5m_spon/img0877.png,368.0553314321486,160.3482437226125,420.405613132086,235.13436043680883,440.97179522848995,294.0284273492384,263.3547680322738,197.7413020797107,258.6806357376365,287.48464213674623,252.13685052514433,354.7921471795229
labeled-data/AVI_sub5_5m_spon/img0880.png,376.46876956249565,161.28307018153998,422.27526604994085,235.13436043680883,445.6459275231272,296.8329067260208,260.55028865549144,189.32786394936358,255.87615636085417,282.81050984210896,247.4627182305071,337.96527091882876
labeled-data/AVI_sub5_5m_spon/img0881.png,371.7946372678584,163.1527230993949,422.27526604994085,229.52540168324413,446.58075398205466,292.1587744313835,260.55028865549144,193.06716978507342,256.8109828197816,277.20155108854425,248.39754468943454,334.2259650831189
labeled-data/AVI_sub5_5m_spon/img0883.png,375.5339431035682,155.67411142797522,424.14491896779583,224.85126938860685,440.97179522848995,289.35429505460115,261.4851151144189,188.39303749043614,260.55028865549144,271.59259233497954,253.07167698407181,347.3135355081033
labeled-data/AVI_sub5_5m_spon/img0887.png,377.4035960214231,156.6089378869027,422.27526604994085,225.78609584753428,435.36283647492525,288.4194685956737,264.2895944912012,187.45821103150865,261.4851151144189,276.2667246296168,251.2020240662169,347.3135355081033
labeled-data/AVI_sub5_5m_spon/img0889.png,377.4035960214231,157.54376434583014,425.07974542672326,221.111963552897,434.4280100159978,288.4194685956737,266.15924740905615,187.45821103150865,258.6806357376365,270.65776587605205,254.00650344299925,348.24836196703075
labeled-data/AVI_sub5_5m_spon/img0894.png,373.6642901857133,157.54376434583014,418.535960214231,223.91644292967936,430.68870418028797,286.5498156778188,259.61546219656395,190.26269040829106,256.8109828197816,272.527418793907,253.07167698407181,350.1180148848856
labeled-data/AVI_sub5_5m_spon/img0897.png,374.59911664464073,152.86963205119287,424.14491896779583,230.46022814217156,432.55835709814284,285.6149892188913,258.6806357376365,194.00199624400085,251.2020240662169,267.8532864992697,249.33237114836197,350.1180148848856
labeled-data/AVI_sub5_5m_spon/img0899.png,380.20807539820544,156.6089378869027,419.47078667315856,231.395054601099,428.819051262433,287.48464213674623,257.7458092787091,192.13234332614593,251.2020240662169,270.65776587605205,249.33237114836197,351.9876678027406
labeled-data/AVI_sub5_5m_spon/img0907.png,372.7294637267858,155.67411142797522,416.66630729637615,218.30748417611466,438.16731585170754,289.35429505460115,255.87615636085417,190.26269040829106,248.39754468943454,280.9408569242541,235.3099742644502,348.24836196703075
labeled-data/AVI_sub5_5m_spon/img0917.png,366.18567851429367,154.7392849690478,419.47078667315856,236.06918689573627,432.55835709814284,297.7677331849482,257.7458092787091,192.13234332614593,248.39754468943454,272.527418793907,240.9189330180149,349.1831884259582
labeled-data/AVI_sub5_5m_spon/img0928.png,371.7946372678584,158.47859080475763,416.66630729637615,234.19953397788134,438.16731585170754,295.89808026709335,255.87615636085417,196.8064756207832,252.13685052514433,273.4622452528344,238.11445364123256,330.4866592474091
labeled-data/AVI_sub5_5m_spon/img0948.png,369.92498435000346,155.67411142797522,416.66630729637615,233.2647075189539,439.102142310635,293.09360089031094,258.6806357376365,199.61095499756556,254.00650344299925,275.3318981706893,239.98410655908748,335.16079154204635
labeled-data/AVI_sub5_5m_spon/img0962.png,369.92498435000346,161.28307018153998,420.405613132086,238.87366627251862,440.97179522848995,300.5722125617306,257.7458092787091,194.00199624400085,247.4627182305071,273.4622452528344,239.98410655908748,345.4438825902484
labeled-data/AVI_sub5_5m_spon/img0971.png,371.7946372678584,165.95720247617726,414.7966543785213,231.395054601099,437.2324893927801,293.09360089031094,256.8109828197816,197.7413020797107,250.26719760728946,275.3318981706893,239.98410655908748,343.57422967239347
labeled-data/AVI_sub5_5m_spon/img1007.png,372.7294637267858,161.28307018153998,420.405613132086,237.00401335466375,440.0369687695625,297.7677331849482,258.6806357376365,194.93682270292828,252.13685052514433,269.7229394171246,240.9189330180149,338.9000973777562
labeled-data/AVI_sub5_5m_spon/img1037.png,376.46876956249565,164.08754955832234,420.405613132086,237.00401335466375,439.102142310635,296.8329067260208,258.6806357376365,197.7413020797107,253.07167698407181,273.4622452528344,240.9189330180149,340.7697502956111
labeled-data/AVI_sub5_5m_spon/img1047.png,376.46876956249565,162.21789664046742,420.405613132086,237.00401335466375,439.102142310635,295.89808026709335,257.7458092787091,197.7413020797107,254.00650344299925,271.59259233497954,242.78858593586983,335.16079154204635
labeled-data/AVI_sub5_5m_spon/img1052.png,369.92498435000346,163.1527230993949,417.6011337553036,229.52540168324413,439.102142310635,300.5722125617306,256.8109828197816,200.54578145649305,253.07167698407181,278.1363775474717,241.85375947694234,331.42148570633657
labeled-data/AVI_sub5_5m_spon/img1054.png,368.0553314321486,162.21789664046742,418.535960214231,230.46022814217156,439.102142310635,292.1587744313835,256.8109828197816,198.67612853863812,250.26719760728946,281.8756833831815,241.85375947694234,344.5090561313209
labeled-data/AVI_sub5_5m_spon/img1069.png,372.7294637267858,163.1527230993949,415.7314808374487,233.2647075189539,438.16731585170754,298.7025596438757,258.6806357376365,195.87164916185577,251.2020240662169,275.3318981706893,247.4627182305071,333.2911386241915
labeled-data/AVI_sub5_5m_spon/img1079.png,367.1205049732211,156.6089378869027,414.7966543785213,231.395054601099,440.97179522848995,300.5722125617306,255.87615636085417,195.87164916185577,246.52789177157962,272.527418793907,250.26719760728946,344.5090561313209
labeled-data/AVI_sub5_5m_spon/img1082.png,372.7294637267858,165.02237601724977,418.535960214231,233.2647075189539,440.97179522848995,295.89808026709335,251.2020240662169,194.93682270292828,249.33237114836197,269.7229394171246,247.4627182305071,337.96527091882876
labeled-data/AVI_sub5_5m_spon/img1085.png,372.7294637267858,160.3482437226125,420.405613132086,235.13436043680883,442.8414481463448,293.09360089031094,257.7458092787091,195.87164916185577,249.33237114836197,275.3318981706893,247.4627182305071,345.4438825902484
labeled-data/AVI_sub5_5m_spon/img1091.png,368.0553314321486,156.6089378869027,416.66630729637615,235.13436043680883,437.2324893927801,297.7677331849482,256.8109828197816,198.67612853863812,251.2020240662169,277.20155108854425,242.78858593586983,352.922494261668
labeled-data/AVI_sub5_5m_spon/img1095.png,370.85981080893094,160.3482437226125,417.6011337553036,225.78609584753428,437.2324893927801,294.0284273492384,254.00650344299925,194.93682270292828,251.2020240662169,273.4622452528344,246.52789177157962,354.7921471795229
labeled-data/AVI_sub5_5m_spon/img1102.png,371.7946372678584,160.3482437226125,417.6011337553036,235.13436043680883,438.16731585170754,296.8329067260208,254.00650344299925,197.7413020797107,252.13685052514433,273.4622452528344,239.98410655908748,355.7269736384504
labeled-data/AVI_sub5_5m_spon/img1116.png,371.7946372678584,160.3482437226125,420.405613132086,229.52540168324413,440.97179522848995,289.35429505460115,251.2020240662169,197.7413020797107,253.07167698407181,270.65776587605205,240.9189330180149,350.1180148848856
labeled-data/AVI_sub5_5m_spon/img1120.png,369.92498435000346,161.28307018153998,419.47078667315856,235.13436043680883,436.2976629338527,288.4194685956737,258.6806357376365,195.87164916185577,250.26719760728946,273.4622452528344,239.04928010016,349.1831884259582
labeled-data/AVI_sub5_5m_spon/img1123.png,366.18567851429367,156.6089378869027,415.7314808374487,230.46022814217156,435.36283647492525,292.1587744313835,253.07167698407181,195.87164916185577,249.33237114836197,271.59259233497954,239.98410655908748,345.4438825902484
labeled-data/AVI_sub5_5m_spon/img1127.png,368.0553314321486,158.47859080475763,418.535960214231,230.46022814217156,440.0369687695625,294.0284273492384,256.8109828197816,198.67612853863812,247.4627182305071,277.20155108854425,241.85375947694234,351.0528413438131
labeled-data/AVI_sub5_5m_spon/img1130.png,370.85981080893094,160.3482437226125,417.6011337553036,234.19953397788134,433.49318355707027,288.4194685956737,255.87615636085417,194.00199624400085,248.39754468943454,276.2667246296168,237.17962718230507,352.922494261668
labeled-data/AVI_sub5_5m_spon/img1143.png,364.31602559643875,158.47859080475763,416.66630729637615,230.46022814217156,439.102142310635,295.89808026709335,253.07167698407181,196.8064756207832,246.52789177157962,280.9408569242541,235.3099742644502,345.4438825902484
labeled-data/AVI_sub5_5m_spon/img1148.png,367.1205049732211,155.67411142797522,416.66630729637615,226.72092230646172,437.2324893927801,294.0284273492384,254.00650344299925,196.8064756207832,249.33237114836197,275.3318981706893,239.98410655908748,347.3135355081033
labeled-data/AVI_sub5_5m_spon/img1152.png,367.1205049732211,160.3482437226125,415.7314808374487,229.52540168324413,438.16731585170754,294.0284273492384,253.07167698407181,195.87164916185577,253.07167698407181,278.1363775474717,237.17962718230507,338.9000973777562
labeled-data/AVI_sub5_5m_spon/img1162.png,369.92498435000346,157.54376434583014,417.6011337553036,231.395054601099,437.2324893927801,295.89808026709335,254.00650344299925,195.87164916185577,248.39754468943454,273.4622452528344,235.3099742644502,348.24836196703075
labeled-data/AVI_sub5_5m_spon/img1197.png,364.31602559643875,155.67411142797522,416.66630729637615,229.52540168324413,435.36283647492525,294.0284273492384,253.07167698407181,194.00199624400085,249.33237114836197,278.1363775474717,229.70101551088544,343.57422967239347
labeled-data/AVI_sub5_5m_spon/img1205.png,368.0553314321486,155.67411142797522,415.7314808374487,231.395054601099,436.2976629338527,294.0284273492384,252.13685052514433,194.93682270292828,253.07167698407181,277.20155108854425,238.11445364123256,350.1180148848856
labeled-data/AVI_sub5_5m_spon/img1215.png,369.92498435000346,155.67411142797522,419.47078667315856,233.2647075189539,440.97179522848995,296.8329067260208,254.00650344299925,194.93682270292828,249.33237114836197,280.0060304653266,238.11445364123256,345.4438825902484
labeled-data/AVI_sub5_5m_spon/img1220.png,365.25085205536624,157.54376434583014,418.535960214231,233.2647075189539,438.16731585170754,296.8329067260208,251.2020240662169,194.00199624400085,248.39754468943454,280.0060304653266,237.17962718230507,337.96527091882876
labeled-data/AVI_sub5_5m_spon/img1229.png,369.92498435000346,156.6089378869027,415.7314808374487,228.59057522431664,436.2976629338527,294.0284273492384,248.39754468943454,196.8064756207832,246.52789177157962,280.9408569242541,237.17962718230507,345.4438825902484
labeled-data/AVI_sub5_5m_spon/img1241.png,363.3811991375113,157.54376434583014,418.535960214231,237.00401335466375,440.0369687695625,289.35429505460115,250.26719760728946,196.8064756207832,247.4627182305071,275.3318981706893,232.50549488766785,342.63940321346604
labeled-data/AVI_sub5_5m_spon/img1254.png,366.18567851429367,157.54376434583014,415.7314808374487,230.46022814217156,433.49318355707027,294.0284273492384,253.07167698407181,193.06716978507342,249.33237114836197,276.2667246296168,239.04928010016,343.57422967239347
labeled-data/AVI_sub5_5m_spon/img1256.png,365.25085205536624,155.67411142797522,413.86182791959374,231.395054601099,438.16731585170754,293.09360089031094,253.07167698407181,196.8064756207832,245.5930653126522,280.0060304653266,241.85375947694234,339.83492383668363
labeled-data/AVI_sub5_5m_spon/img1279.png,367.1205049732211,155.67411142797522,416.66630729637615,233.2647075189539,436.2976629338527,293.09360089031094,251.2020240662169,193.06716978507342,248.39754468943454,275.3318981706893,242.78858593586983,342.63940321346604
labeled-data/AVI_sub5_5m_spon/img1297.png,366.18567851429367,153.80445851012036,412.9270014606663,228.59057522431664,440.0369687695625,293.09360089031094,250.26719760728946,195.87164916185577,246.52789177157962,279.07120400639917,230.63584196981293,350.1180148848856
labeled-data/AVI_sub5_5m_spon/img1311.png,364.31602559643875,153.80445851012036,416.66630729637615,230.46022814217156,436.2976629338527,290.2891215135286,253.07167698407181,194.00199624400085,248.39754468943454,277.20155108854425,238.11445364123256,342.63940321346604
labeled-data/AVI_sub5_5m_spon/img1343.png,366.18567851429367,153.80445851012036,417.6011337553036,229.52540168324413,437.2324893927801,293.09360089031094,253.07167698407181,193.06716978507342,251.2020240662169,278.1363775474717,233.44032134659528,351.0528413438131
labeled-data/AVI_sub5_5m_spon/img1365.png,366.18567851429367,157.54376434583014,416.66630729637615,230.46022814217156,439.102142310635,290.2891215135286,252.13685052514433,192.13234332614593,248.39754468943454,275.3318981706893,240.9189330180149,339.83492383668363
labeled-data/AVI_sub5_5m_spon/img1382.png,366.18567851429367,154.7392849690478,416.66630729637615,229.52540168324413,435.36283647492525,294.0284273492384,251.2020240662169,197.7413020797107,250.26719760728946,276.2667246296168,239.98410655908748,341.7045767545386
labeled-data/AVI_sub5_5m_spon/img1398.png,365.25085205536624,152.86963205119287,415.7314808374487,226.72092230646172,439.102142310635,294.0284273492384,250.26719760728946,195.87164916185577,253.07167698407181,276.2667246296168,248.39754468943454,335.16079154204635
labeled-data/AVI_sub5_5m_spon/img1403.png,366.18567851429367,155.67411142797522,416.66630729637615,226.72092230646172,436.2976629338527,290.2891215135286,249.33237114836197,195.87164916185577,253.07167698407181,269.7229394171246,254.00650344299925,329.55183278848165
labeled-data/AVI_sub5_5m_spon/img1409.png,369.92498435000346,154.7392849690478,417.6011337553036,230.46022814217156,436.2976629338527,296.8329067260208,255.87615636085417,198.67612853863812,258.6806357376365,279.07120400639917,268.02890032691107,355.7269736384504
labeled-data/AVI_sub5_5m_spon/img1434.png,366.18567851429367,158.47859080475763,411.9921750017389,227.6557487653892,432.55835709814284,307.11599777422276,247.4627182305071,194.00199624400085,251.2020240662169,277.20155108854425,260.55028865549144,344.5090561313209
labeled-data/AVI_sub5_5m_spon/img1438.png,365.25085205536624,160.3482437226125,409.1876956249566,227.6557487653892,434.4280100159978,303.376691938513,249.33237114836197,195.87164916185577,249.33237114836197,271.59259233497954,259.61546219656395,350.1180148848856
labeled-data/AVI_sub5_5m_spon/img1450.png,363.3811991375113,158.47859080475763,412.9270014606663,233.2647075189539,436.2976629338527,303.376691938513,246.52789177157962,194.00199624400085,249.33237114836197,273.4622452528344,263.3547680322738,352.922494261668
labeled-data/AVI_sub5_5m_spon/img1457.png,366.18567851429367,162.21789664046742,413.86182791959374,228.59057522431664,436.2976629338527,306.18117131529533,250.26719760728946,199.61095499756556,251.2020240662169,276.2667246296168,260.55028865549144,358.5314530152327
labeled-data/AVI_sub5_5m_spon/img1469.png,367.1205049732211,160.3482437226125,414.7966543785213,233.2647075189539,436.2976629338527,299.63738610280313,253.07167698407181,194.00199624400085,253.07167698407181,277.20155108854425,262.4199415733463,352.922494261668
labeled-data/AVI_sub5_5m_spon/img1478.png,366.18567851429367,157.54376434583014,420.405613132086,229.52540168324413,439.102142310635,300.5722125617306,254.00650344299925,188.39303749043614,252.13685052514433,272.527418793907,262.4199415733463,350.1180148848856
labeled-data/AVI_sub5_5m_spon/img1489.png,370.85981080893094,163.1527230993949,414.7966543785213,239.8084927314461,435.36283647492525,308.05082423315025,254.00650344299925,195.87164916185577,252.13685052514433,275.3318981706893,255.87615636085417,351.9876678027406
labeled-data/AVI_sub5_5m_spon/img1499.png,371.7946372678584,164.08754955832234,422.27526604994085,241.67814564930103,443.77627460527225,304.3115183974404,254.00650344299925,193.06716978507342,243.72341239479726,272.527418793907,250.26719760728946,355.7269736384504
labeled-data/AVI_sub5_5m_spon/img1501.png,371.7946372678584,164.08754955832234,420.405613132086,245.41745148501082,438.16731585170754,306.18117131529533,252.13685052514433,190.26269040829106,245.5930653126522,269.7229394171246,241.85375947694234,353.85732072059545
labeled-data/AVI_sub5_5m_spon/img1506.png,372.7294637267858,170.63133477081453,413.86182791959374,236.06918689573627,439.102142310635,308.05082423315025,256.8109828197816,184.6537316547263,242.78858593586983,267.8532864992697,232.50549488766785,349.1831884259582
labeled-data/AVI_sub5_5m_spon/img1516.png,373.6642901857133,165.02237601724977,419.47078667315856,241.67814564930103,440.0369687695625,307.11599777422276,252.13685052514433,179.0447729011616,246.52789177157962,267.8532864992697,233.44032134659528,341.7045767545386
labeled-data/AVI_sub5_5m_spon/img1521.png,375.5339431035682,166.8920289351047,414.7966543785213,245.41745148501082,436.2976629338527,310.8553036099326,254.00650344299925,183.71890519579887,246.52789177157962,265.9836335814148,233.44032134659528,337.96527091882876
labeled-data/AVI_sub5_5m_spon/img1524.png,382.07772831606036,165.95720247617726,417.6011337553036,237.00401335466375,436.2976629338527,304.3115183974404,258.6806357376365,178.10994644223416,245.5930653126522,262.244327745705,233.44032134659528,338.9000973777562
labeled-data/AVI_sub5_5m_spon/img1539.png,377.4035960214231,166.8920289351047,419.47078667315856,246.35227794393825,434.4280100159978,306.18117131529533,257.7458092787091,179.0447729011616,250.26719760728946,266.91846004034227,242.78858593586983,344.5090561313209
labeled-data/AVI_sub5_5m_spon/img1549.png,382.07772831606036,167.82685539403212,422.27526604994085,238.87366627251862,436.2976629338527,309.9204771510051,260.55028865549144,184.6537316547263,252.13685052514433,261.30950128677756,250.26719760728946,351.9876678027406
labeled-data/AVI_sub5_5m_spon/img1564.png,378.3384224803506,165.95720247617726,416.66630729637615,241.67814564930103,443.77627460527225,302.4418654795855,259.61546219656395,182.78407873687144,251.2020240662169,268.7881129581972,252.13685052514433,344.5090561313209
labeled-data/AVI_sub5_5m_spon/img1585.png,373.6642901857133,163.1527230993949,417.6011337553036,240.74331919037354,438.16731585170754,307.11599777422276,257.7458092787091,183.71890519579887,249.33237114836197,273.4622452528344,248.39754468943454,347.3135355081033
labeled-data/AVI_sub5_5m_spon/img1601.png,377.4035960214231,157.54376434583014,415.7314808374487,238.87366627251862,439.102142310635,303.376691938513,257.7458092787091,186.52338457258122,252.13685052514433,272.527418793907,249.33237114836197,350.1180148848856
labeled-data/AVI_sub5_5m_spon/img1614.png,377.4035960214231,163.1527230993949,420.405613132086,238.87366627251862,442.8414481463448,306.18117131529533,258.6806357376365,185.5885581136538,251.2020240662169,270.65776587605205,249.33237114836197,347.3135355081033
labeled-data/AVI_sub5_5m_spon/img1637.png,373.6642901857133,162.21789664046742,420.405613132086,243.5477985671559,439.102142310635,302.4418654795855,255.87615636085417,182.78407873687144,250.26719760728946,277.20155108854425,253.07167698407181,349.1831884259582
labeled-data/AVI_sub5_5m_spon/img1646.png,378.3384224803506,165.95720247617726,426.0145718856507,240.74331919037354,439.102142310635,306.18117131529533,261.4851151144189,183.71890519579887,251.2020240662169,279.07120400639917,252.13685052514433,353.85732072059545
labeled-data/AVI_sub5_5m_spon/img1657.png,380.20807539820544,165.02237601724977,419.47078667315856,240.74331919037354,433.49318355707027,303.376691938513,260.55028865549144,190.26269040829106,253.07167698407181,267.8532864992697,250.26719760728946,350.1180148848856
labeled-data/AVI_sub5_5m_spon/img1689.png,381.1429018571329,165.02237601724977,422.27526604994085,241.67814564930103,440.0369687695625,308.9856506920777,259.61546219656395,186.52338457258122,251.2020240662169,269.7229394171246,252.13685052514433,352.922494261668
labeled-data/AVI_sub5_5m_spon/img1697.png,374.59911664464073,161.28307018153998,422.27526604994085,237.00401335466375,436.2976629338527,304.3115183974404,255.87615636085417,186.52338457258122,254.00650344299925,268.7881129581972,254.00650344299925,353.85732072059545
labeled-data/AVI_sub5_5m_spon/img1711.png,381.1429018571329,164.08754955832234,419.47078667315856,239.8084927314461,440.0369687695625,308.9856506920777,261.4851151144189,185.5885581136538,253.07167698407181,269.7229394171246,254.00650344299925,354.7921471795229
labeled-data/AVI_sub5_5m_spon/img1718.png,376.46876956249565,166.8920289351047,420.405613132086,240.74331919037354,439.102142310635,304.3115183974404,255.87615636085417,186.52338457258122,251.2020240662169,270.65776587605205,262.4199415733463,353.85732072059545
labeled-data/AVI_sub5_5m_spon/img1722.png,376.46876956249565,163.1527230993949,422.27526604994085,239.8084927314461,443.77627460527225,304.3115183974404,257.7458092787091,185.5885581136538,255.87615636085417,268.7881129581972,258.6806357376365,344.5090561313209
labeled-data/AVI_sub5_5m_spon/img1732.png,378.3384224803506,166.8920289351047,420.405613132086,238.87366627251862,440.97179522848995,306.18117131529533,260.55028865549144,184.6537316547263,253.07167698407181,268.7881129581972,266.15924740905615,347.3135355081033
labeled-data/AVI_sub5_5m_spon/img1746.png,382.07772831606036,165.95720247617726,425.07974542672326,243.5477985671559,446.58075398205466,308.05082423315025,261.4851151144189,187.45821103150865,258.6806357376365,271.59259233497954,262.4199415733463,343.57422967239347
labeled-data/AVI_sub5_5m_spon/img1751.png,381.1429018571329,165.02237601724977,423.2100925088683,243.5477985671559,440.0369687695625,310.8553036099326,267.0940738679836,188.39303749043614,254.00650344299925,271.59259233497954,260.55028865549144,338.9000973777562
labeled-data/AVI_sub5_5m_spon/img1754.png,383.01255477498785,165.02237601724977,423.2100925088683,244.48262502608338,443.77627460527225,309.9204771510051,267.0940738679836,181.84925227794395,254.00650344299925,265.9836335814148,268.02890032691107,337.03044445990133
labeled-data/AVI_sub5_5m_spon/img1757.png,376.46876956249565,166.8920289351047,420.405613132086,244.48262502608338,442.8414481463448,312.72495652778747,268.9637267858385,189.32786394936358,256.8109828197816,273.4622452528344,263.3547680322738,339.83492383668363
labeled-data/AVI_sub5_5m_spon/img1760.png,380.20807539820544,163.1527230993949,422.27526604994085,245.41745148501082,442.8414481463448,307.11599777422276,269.89855324476594,182.78407873687144,256.8109828197816,264.1139806635599,262.4199415733463,348.24836196703075
labeled-data/AVI_sub5_5m_spon/img1765.png,376.46876956249565,166.8920289351047,417.6011337553036,248.22193086179317,437.2324893927801,302.4418654795855,267.0940738679836,187.45821103150865,256.8109828197816,268.7881129581972,267.0940738679836,345.4438825902484
labeled-data/AVI_sub5_5m_spon/img1772.png,377.4035960214231,166.8920289351047,422.27526604994085,247.28710440286574,440.97179522848995,311.79013006886004,269.89855324476594,184.6537316547263,257.7458092787091,273.4622452528344,260.55028865549144,348.24836196703075
labeled-data/AVI_sub5_5m_spon/img1782.png,381.1429018571329,165.95720247617726,423.2100925088683,244.48262502608338,438.16731585170754,308.05082423315025,270.8333797036934,186.52338457258122,263.3547680322738,273.4622452528344,263.3547680322738,348.24836196703075
labeled-data/AVI_sub5_5m_spon/img1786.png,385.8170341517702,165.95720247617726,425.07974542672326,243.5477985671559,439.102142310635,303.376691938513,270.8333797036934,182.78407873687144,262.4199415733463,272.527418793907,260.55028865549144,349.1831884259582
labeled-data/AVI_sub5_5m_spon/img1793.png,384.8822076928427,166.8920289351047,428.819051262433,248.22193086179317,439.102142310635,308.9856506920777,272.70303262154835,190.26269040829106,266.15924740905615,266.91846004034227,267.0940738679836,344.5090561313209
labeled-data/AVI_sub5_5m_spon/img1799.png,383.9473812339153,165.95720247617726,419.47078667315856,238.87366627251862,439.102142310635,309.9204771510051,270.8333797036934,186.52338457258122,268.02890032691107,267.8532864992697,267.0940738679836,349.1831884259582
labeled-data/AVI_sub5_5m_spon/img1803.png,382.07772831606036,163.1527230993949,426.0145718856507,244.48262502608338,442.8414481463448,309.9204771510051,273.6378590804758,187.45821103150865,268.02890032691107,272.527418793907,261.4851151144189,345.4438825902484
labeled-data/AVI_sub5_5m_spon/img1818.png,380.20807539820544,172.5009876886694,426.0145718856507,247.28710440286574,440.0369687695625,309.9204771510051,270.8333797036934,192.13234332614593,260.55028865549144,278.1363775474717,260.55028865549144,351.0528413438131
labeled-data/AVI_sub5_5m_spon/img1843.png,378.3384224803506,166.8920289351047,419.47078667315856,244.48262502608338,439.102142310635,308.9856506920777,270.8333797036934,189.32786394936358,258.6806357376365,276.2667246296168,258.6806357376365,355.7269736384504
labeled-data/AVI_sub5_5m_spon/img1854.png,380.20807539820544,165.02237601724977,424.14491896779583,247.28710440286574,442.8414481463448,309.9204771510051,264.2895944912012,186.52338457258122,261.4851151144189,273.4622452528344,266.15924740905615,348.24836196703075
labeled-data/AVI_sub5_5m_spon/img1866.png,377.4035960214231,163.1527230993949,423.2100925088683,248.22193086179317,440.97179522848995,308.9856506920777,263.3547680322738,190.26269040829106,260.55028865549144,280.0060304653266,260.55028865549144,347.3135355081033
labeled-data/AVI_sub5_5m_spon/img1875.png,375.5339431035682,171.56616122974197,422.27526604994085,249.15675732072066,437.2324893927801,314.5946094456424,266.15924740905615,193.06716978507342,261.4851151144189,279.07120400639917,257.7458092787091,356.66180009737786
labeled-data/AVI_sub5_5m_spon/img1885.png,383.01255477498785,168.7616818529596,425.07974542672326,249.15675732072066,440.0369687695625,309.9204771510051,268.02890032691107,188.39303749043614,259.61546219656395,277.20155108854425,258.6806357376365,351.9876678027406
labeled-data/AVI_sub5_5m_spon/img1903.png,380.20807539820544,164.08754955832234,423.2100925088683,247.28710440286574,438.16731585170754,308.9856506920777,268.02890032691107,186.52338457258122,261.4851151144189,273.4622452528344,261.4851151144189,348.24836196703075
labeled-data/AVI_sub5_5m_spon/img1909.png,375.5339431035682,167.82685539403212,419.47078667315856,241.67814564930103,440.0369687695625,310.8553036099326,266.15924740905615,185.5885581136538,259.61546219656395,277.20155108854425,258.6806357376365,350.1180148848856
labeled-data/AVI_sub5_5m_spon/img1921.png,374.59911664464073,168.7616818529596,425.07974542672326,247.28710440286574,440.97179522848995,310.8553036099326,266.15924740905615,184.6537316547263,260.55028865549144,272.527418793907,261.4851151144189,350.1180148848856
labeled-data/AVI_sub5_5m_spon/img1928.png,377.4035960214231,165.02237601724977,423.2100925088683,247.28710440286574,439.102142310635,308.9856506920777,260.55028865549144,185.5885581136538,256.8109828197816,273.4622452528344,249.33237114836197,351.9876678027406
labeled-data/AVI_sub5_5m_spon/img1978.png,378.3384224803506,165.02237601724977,425.07974542672326,246.35227794393825,444.7111010641998,308.05082423315025,263.3547680322738,185.5885581136538,255.87615636085417,270.65776587605205,251.2020240662169,350.1180148848856
labeled-data/AVI_sub5_5m_spon/img2026.png,378.3384224803506,166.8920289351047,420.405613132086,239.8084927314461,442.8414481463448,304.3115183974404,268.02890032691107,189.32786394936358,256.8109828197816,272.527418793907,256.8109828197816,359.46627947416016
labeled-data/AVI_sub5_5m_spon/img2066.png,382.07772831606036,166.8920289351047,422.27526604994085,244.48262502608338,444.7111010641998,303.376691938513,267.0940738679836,184.6537316547263,259.61546219656395,270.65776587605205,261.4851151144189,347.3135355081033
labeled-data/AVI_sub5_5m_spon/img2068.png,377.4035960214231,163.1527230993949,424.14491896779583,245.41745148501082,444.7111010641998,306.18117131529533,264.2895944912012,187.45821103150865,253.07167698407181,277.20155108854425,260.55028865549144,348.24836196703075
labeled-data/AVI_sub5_5m_spon/img2079.png,383.01255477498785,162.21789664046742,420.405613132086,246.35227794393825,444.7111010641998,312.72495652778747,263.3547680322738,186.52338457258122,257.7458092787091,273.4622452528344,254.00650344299925,350.1180148848856
labeled-data/AVI_sub5_5m_spon/img2107.png,382.07772831606036,162.21789664046742,422.27526604994085,243.5477985671559,444.7111010641998,308.05082423315025,262.4199415733463,188.39303749043614,258.6806357376365,275.3318981706893,262.4199415733463,344.5090561313209
labeled-data/AVI_sub5_5m_spon/img2123.png,378.3384224803506,165.95720247617726,426.9493983445781,245.41745148501082,442.8414481463448,308.05082423315025,263.3547680322738,189.32786394936358,256.8109828197816,271.59259233497954,261.4851151144189,351.0528413438131
labeled-data/AVI_sub5_5m_spon/img2133.png,382.07772831606036,165.02237601724977,426.0145718856507,245.41745148501082,439.102142310635,308.05082423315025,266.15924740905615,194.00199624400085,258.6806357376365,275.3318981706893,257.7458092787091,351.9876678027406
labeled-data/AVI_sub5_5m_spon/img2155.png,371.7946372678584,165.95720247617726,420.405613132086,244.48262502608338,440.0369687695625,306.18117131529533,263.3547680322738,189.32786394936358,255.87615636085417,273.4622452528344,258.6806357376365,351.9876678027406
labeled-data/AVI_sub5_5m_spon/img2192.png,382.07772831606036,164.08754955832234,424.14491896779583,243.5477985671559,439.102142310635,304.3115183974404,263.3547680322738,187.45821103150865,257.7458092787091,279.07120400639917,259.61546219656395,348.24836196703075
labeled-data/AVI_sub5_5m_spon/img2210.png,378.3384224803506,163.1527230993949,420.405613132086,241.67814564930103,440.0369687695625,306.18117131529533,268.9637267858385,188.39303749043614,258.6806357376365,275.3318981706893,259.61546219656395,350.1180148848856
labeled-data/AVI_sub5_5m_spon/img2216.png,378.3384224803506,160.3482437226125,419.47078667315856,239.8084927314461,446.58075398205466,306.18117131529533,263.3547680322738,192.13234332614593,258.6806357376365,279.07120400639917,258.6806357376365,348.24836196703075
labeled-data/AVI_sub5_5m_spon/img2223.png,382.07772831606036,163.1527230993949,422.27526604994085,246.35227794393825,443.77627460527225,308.05082423315025,267.0940738679836,190.26269040829106,252.13685052514433,285.6149892188913,263.3547680322738,347.3135355081033
labeled-data/AVI_sub5_5m_spon/img2225.png,377.4035960214231,165.02237601724977,426.0145718856507,237.00401335466375,444.7111010641998,312.72495652778747,268.02890032691107,193.06716978507342,261.4851151144189,278.1363775474717,260.55028865549144,344.5090561313209
labeled-data/AVI_sub5_5m_spon/img2234.png,382.07772831606036,162.21789664046742,424.14491896779583,243.5477985671559,445.6459275231272,302.4418654795855,262.4199415733463,190.26269040829106,256.8109828197816,272.527418793907,259.61546219656395,347.3135355081033
labeled-data/AVI_sub5_5m_spon/img2254.png,383.9473812339153,162.21789664046742,426.0145718856507,244.48262502608338,442.8414481463448,308.9856506920777,267.0940738679836,193.06716978507342,261.4851151144189,278.1363775474717,260.55028865549144,342.63940321346604
labeled-data/AVI_sub5_5m_spon/img2271.png,378.3384224803506,163.1527230993949,420.405613132086,240.74331919037354,445.6459275231272,310.8553036099326,258.6806357376365,193.06716978507342,259.61546219656395,278.1363775474717,261.4851151144189,344.5090561313209
labeled-data/AVI_sub5_5m_spon/img2289.png,377.4035960214231,165.95720247617726,423.2100925088683,241.67814564930103,448.4504068999095,306.18117131529533,258.6806357376365,196.8064756207832,263.3547680322738,273.4622452528344,257.7458092787091,347.3135355081033
labeled-data/AVI_sub5_5m_spon/img2294.png,374.59911664464073,160.3482437226125,423.2100925088683,241.67814564930103,440.97179522848995,310.8553036099326,259.61546219656395,194.93682270292828,257.7458092787091,275.3318981706893,257.7458092787091,351.9876678027406
labeled-data/AVI_sub5_5m_spon/img2312.png,375.5339431035682,164.08754955832234,422.27526604994085,241.67814564930103,444.7111010641998,311.79013006886004,260.55028865549144,195.87164916185577,259.61546219656395,275.3318981706893,262.4199415733463,347.3135355081033
labeled-data/AVI_sub5_5m_spon/img2314.png,375.5339431035682,163.1527230993949,423.2100925088683,243.5477985671559,443.77627460527225,311.79013006886004,258.6806357376365,190.26269040829106,255.87615636085417,278.1363775474717,260.55028865549144,351.9876678027406
labeled-data/AVI_sub5_5m_spon/img2317.png,372.7294637267858,164.08754955832234,423.2100925088683,244.48262502608338,439.102142310635,306.18117131529533,263.3547680322738,194.00199624400085,256.8109828197816,277.20155108854425,260.55028865549144,351.0528413438131
labeled-data/AVI_sub5_5m_spon/img2319.png,375.5339431035682,163.1527230993949,423.2100925088683,243.5477985671559,440.0369687695625,308.05082423315025,257.7458092787091,194.93682270292828,253.07167698407181,278.1363775474717,257.7458092787091,356.66180009737786
labeled-data/AVI_sub5_5m_spon/img2323.png,378.3384224803506,161.28307018153998,423.2100925088683,240.74331919037354,442.8414481463448,306.18117131529533,261.4851151144189,195.87164916185577,255.87615636085417,280.9408569242541,256.8109828197816,360.40110593308765
labeled-data/AVI_sub5_5m_spon/img2329.png,376.46876956249565,166.8920289351047,420.405613132086,237.9388398135912,443.77627460527225,309.9204771510051,261.4851151144189,190.26269040829106,258.6806357376365,278.1363775474717,257.7458092787091,352.922494261668
labeled-data/AVI_sub5_5m_spon/img2370.png,373.6642901857133,164.08754955832234,418.535960214231,237.9388398135912,440.97179522848995,308.05082423315025,259.61546219656395,195.87164916185577,258.6806357376365,280.0060304653266,260.55028865549144,354.7921471795229
labeled-data/AVI_sub5_5m_spon/img2387.png,372.7294637267858,165.02237601724977,417.6011337553036,234.19953397788134,442.8414481463448,308.05082423315025,260.55028865549144,188.39303749043614,257.7458092787091,278.1363775474717,260.55028865549144,350.1180148848856
labeled-data/AVI_sub5_5m_spon/img2395.png,376.46876956249565,163.1527230993949,418.535960214231,239.8084927314461,440.97179522848995,306.18117131529533,260.55028865549144,194.00199624400085,254.00650344299925,267.8532864992697,256.8109828197816,350.1180148848856
labeled-data/AVI_sub5_5m_spon/img2429.png,377.4035960214231,162.21789664046742,417.6011337553036,236.06918689573627,445.6459275231272,309.9204771510051,258.6806357376365,194.00199624400085,254.00650344299925,280.9408569242541,264.2895944912012,350.1180148848856
labeled-data/AVI_sub5_5m_spon/img2455.png,374.59911664464073,162.21789664046742,423.2100925088683,240.74331919037354,445.6459275231272,310.8553036099326,259.61546219656395,196.8064756207832,256.8109828197816,275.3318981706893,253.07167698407181,347.3135355081033
labeled-data/AVI_sub5_5m_spon/img2462.png,372.7294637267858,161.28307018153998,425.07974542672326,245.41745148501082,447.5155804409821,311.79013006886004,260.55028865549144,194.93682270292828,255.87615636085417,273.4622452528344,257.7458092787091,356.66180009737786
labeled-data/AVI_sub5_5m_spon/img2479.png,372.7294637267858,160.3482437226125,423.2100925088683,240.74331919037354,442.8414481463448,308.05082423315025,260.55028865549144,189.32786394936358,256.8109828197816,279.07120400639917,254.00650344299925,343.57422967239347
labeled-data/AVI_sub5_5m_spon/img2493.png,373.6642901857133,163.1527230993949,420.405613132086,244.48262502608338,439.102142310635,304.3115183974404,259.61546219656395,193.06716978507342,255.87615636085417,273.4622452528344,258.6806357376365,344.5090561313209
labeled-data/AVI_sub5_5m_spon/img2513.png,373.6642901857133,162.21789664046742,422.27526604994085,243.5477985671559,445.6459275231272,304.3115183974404,259.61546219656395,192.13234332614593,256.8109828197816,273.4622452528344,261.4851151144189,352.922494261668
labeled-data/AVI_sub5_5m_spon/img2521.png,375.5339431035682,164.08754955832234,422.27526604994085,244.48262502608338,442.8414481463448,306.18117131529533,260.55028865549144,194.00199624400085,256.8109828197816,278.1363775474717,258.6806357376365,345.4438825902484
labeled-data/AVI_sub5_5m_spon/img2522.png,374.59911664464073,161.28307018153998,423.2100925088683,239.8084927314461,444.7111010641998,308.9856506920777,260.55028865549144,192.13234332614593,256.8109828197816,277.20155108854425,259.61546219656395,351.9876678027406
labeled-data/AVI_sub5_5m_spon/img2526.png,373.6642901857133,162.21789664046742,424.14491896779583,239.8084927314461,444.7111010641998,308.05082423315025,258.6806357376365,192.13234332614593,256.8109828197816,270.65776587605205,263.3547680322738,350.1180148848856
labeled-data/AVI_sub5_5m_spon/img2532.png,375.5339431035682,162.21789664046742,418.535960214231,237.9388398135912,443.77627460527225,304.3115183974404,257.7458092787091,190.26269040829106,256.8109828197816,278.1363775474717,268.02890032691107,349.1831884259582
labeled-data/AVI_sub5_5m_spon/img2533.png,375.5339431035682,164.08754955832234,426.9493983445781,241.67814564930103,440.97179522848995,308.9856506920777,262.4199415733463,190.26269040829106,257.7458092787091,278.1363775474717,259.61546219656395,352.922494261668
labeled-data/AVI_sub5_5m_spon/img2555.png,372.7294637267858,165.95720247617726,420.405613132086,240.74331919037354,443.77627460527225,311.79013006886004,264.2895944912012,194.00199624400085,254.00650344299925,273.4622452528344,258.6806357376365,353.85732072059545
labeled-data/AVI_sub5_5m_spon/img2577.png,375.5339431035682,163.1527230993949,419.47078667315856,238.87366627251862,443.77627460527225,311.79013006886004,256.8109828197816,192.13234332614593,253.07167698407181,273.4622452528344,259.61546219656395,351.9876678027406
labeled-data/AVI_sub5_5m_spon/img2578.png,375.5339431035682,161.28307018153998,420.405613132086,237.9388398135912,445.6459275231272,312.72495652778747,261.4851151144189,188.39303749043614,254.00650344299925,272.527418793907,259.61546219656395,344.5090561313209
labeled-data/AVI_sub5_5m_spon/img2611.png,373.6642901857133,163.1527230993949,420.405613132086,243.5477985671559,445.6459275231272,310.8553036099326,258.6806357376365,192.13234332614593,256.8109828197816,275.3318981706893,260.55028865549144,351.0528413438131
labeled-data/AVI_sub5_5m_spon/img2623.png,373.6642901857133,163.1527230993949,418.535960214231,243.5477985671559,443.77627460527225,311.79013006886004,260.55028865549144,188.39303749043614,255.87615636085417,269.7229394171246,261.4851151144189,344.5090561313209
labeled-data/AVI_sub5_5m_spon/img2626.png,374.59911664464073,158.47859080475763,424.14491896779583,238.87366627251862,443.77627460527225,311.79013006886004,261.4851151144189,194.00199624400085,256.8109828197816,272.527418793907,257.7458092787091,344.5090561313209
labeled-data/AVI_sub5_5m_spon/img2675.png,369.92498435000346,158.47859080475763,417.6011337553036,237.9388398135912,444.7111010641998,309.9204771510051,260.55028865549144,197.7413020797107,255.87615636085417,279.07120400639917,261.4851151144189,351.9876678027406
labeled-data/AVI_sub5_5m_spon/img2705.png,374.59911664464073,161.28307018153998,417.6011337553036,239.8084927314461,442.8414481463448,308.05082423315025,260.55028865549144,193.06716978507342,253.07167698407181,273.4622452528344,256.8109828197816,348.24836196703075
labeled-data/AVI_sub5_5m_spon/img2744.png,372.7294637267858,161.28307018153998,420.405613132086,238.87366627251862,444.7111010641998,308.9856506920777,261.4851151144189,188.39303749043614,258.6806357376365,279.07120400639917,260.55028865549144,350.1180148848856
labeled-data/AVI_sub5_5m_spon/img2784.png,374.59911664464073,163.1527230993949,420.405613132086,241.67814564930103,444.7111010641998,309.9204771510051,262.4199415733463,189.32786394936358,255.87615636085417,280.9408569242541,260.55028865549144,352.922494261668
labeled-data/AVI_sub5_5m_spon/img2802.png,373.6642901857133,162.21789664046742,422.27526604994085,240.74331919037354,439.102142310635,308.05082423315025,257.7458092787091,192.13234332614593,253.07167698407181,277.20155108854425,258.6806357376365,350.1180148848856
labeled-data/AVI_sub5_5m_spon/img2806.png,373.6642901857133,162.21789664046742,423.2100925088683,237.9388398135912,445.6459275231272,307.11599777422276,261.4851151144189,192.13234332614593,252.13685052514433,275.3318981706893,258.6806357376365,348.24836196703075
labeled-data/AVI_sub5_5m_spon/img2817.png,375.5339431035682,161.28307018153998,423.2100925088683,238.87366627251862,440.97179522848995,307.11599777422276,260.55028865549144,193.06716978507342,258.6806357376365,271.59259233497954,256.8109828197816,350.1180148848856
labeled-data/AVI_sub5_5m_spon/img2818.png,373.6642901857133,161.28307018153998,418.535960214231,237.9388398135912,443.77627460527225,306.18117131529533,260.55028865549144,189.32786394936358,255.87615636085417,277.20155108854425,259.61546219656395,351.0528413438131
labeled-data/AVI_sub5_5m_spon/img2829.png,370.85981080893094,160.3482437226125,422.27526604994085,240.74331919037354,443.77627460527225,308.05082423315025,258.6806357376365,193.06716978507342,255.87615636085417,271.59259233497954,258.6806357376365,345.4438825902484
labeled-data/AVI_sub5_5m_spon/img2872.png,369.92498435000346,164.08754955832234,415.7314808374487,240.74331919037354,440.97179522848995,307.11599777422276,260.55028865549144,195.87164916185577,258.6806357376365,268.7881129581972,259.61546219656395,343.57422967239347
labeled-data/AVI_sub5_5m_spon/img2874.png,372.7294637267858,157.54376434583014,414.7966543785213,237.00401335466375,443.77627460527225,308.9856506920777,257.7458092787091,193.06716978507342,256.8109828197816,272.527418793907,263.3547680322738,343.57422967239347
labeled-data/AVI_sub5_5m_spon/img2883.png,374.59911664464073,161.28307018153998,415.7314808374487,240.74331919037354,444.7111010641998,307.11599777422276,256.8109828197816,190.26269040829106,254.00650344299925,273.4622452528344,260.55028865549144,344.5090561313209
labeled-data/AVI_sub5_5m_spon/img2888.png,373.6642901857133,161.28307018153998,419.47078667315856,238.87366627251862,442.8414481463448,309.9204771510051,258.6806357376365,189.32786394936358,254.00650344299925,276.2667246296168,264.2895944912012,344.5090561313209
labeled-data/AVI_sub5_5m_spon/img2902.png,372.7294637267858,158.47859080475763,417.6011337553036,241.67814564930103,443.77627460527225,308.9856506920777,257.7458092787091,190.26269040829106,257.7458092787091,265.9836335814148,259.61546219656395,345.4438825902484
labeled-data/AVI_sub5_5m_spon/img2907.png,371.7946372678584,155.67411142797522,416.66630729637615,238.87366627251862,446.58075398205466,309.9204771510051,256.8109828197816,193.06716978507342,255.87615636085417,275.3318981706893,262.4199415733463,342.63940321346604
labeled-data/AVI_sub5_5m_spon/img2917.png,375.5339431035682,164.08754955832234,418.535960214231,235.13436043680883,442.8414481463448,308.05082423315025,258.6806357376365,189.32786394936358,254.00650344299925,272.527418793907,261.4851151144189,344.5090561313209
labeled-data/AVI_sub5_5m_spon/img2919.png,371.7946372678584,162.21789664046742,414.7966543785213,239.8084927314461,440.97179522848995,309.9204771510051,258.6806357376365,193.06716978507342,255.87615636085417,272.527418793907,266.15924740905615,350.1180148848856
labeled-data/AVI_sub5_5m_spon/img2924.png,373.6642901857133,160.3482437226125,417.6011337553036,234.19953397788134,444.7111010641998,310.8553036099326,253.07167698407181,189.32786394936358,252.13685052514433,280.9408569242541,252.13685052514433,353.85732072059545
labeled-data/AVI_sub5_5m_spon/img2930.png,375.5339431035682,158.47859080475763,417.6011337553036,240.74331919037354,444.7111010641998,307.11599777422276,259.61546219656395,187.45821103150865,258.6806357376365,277.20155108854425,253.07167698407181,349.1831884259582
labeled-data/AVI_sub5_5m_spon/img2948.png,372.7294637267858,160.3482437226125,416.66630729637615,239.8084927314461,443.77627460527225,308.05082423315025,257.7458092787091,184.6537316547263,254.00650344299925,266.91846004034227,259.61546219656395,344.5090561313209
labeled-data/AVI_sub5_5m_spon/img2960.png,378.3384224803506,166.8920289351047,420.405613132086,244.48262502608338,443.77627460527225,312.72495652778747,254.00650344299925,178.10994644223416,248.39754468943454,265.04880712248735,251.2020240662169,341.7045767545386
labeled-data/AVI_sub5_5m_spon/img2965.png,375.5339431035682,167.82685539403212,415.7314808374487,243.5477985671559,440.0369687695625,308.9856506920777,256.8109828197816,181.84925227794395,247.4627182305071,262.244327745705,251.2020240662169,332.35631216526406
labeled-data/AVI_sub5_5m_spon/img2971.png,381.1429018571329,166.8920289351047,418.535960214231,246.35227794393825,440.97179522848995,311.79013006886004,252.13685052514433,175.30546706545175,246.52789177157962,261.30950128677756,251.2020240662169,341.7045767545386
labeled-data/AVI_sub5_5m_spon/img2981.png,373.6642901857133,171.56616122974197,412.9270014606663,247.28710440286574,437.2324893927801,304.3115183974404,253.07167698407181,177.17511998330667,247.4627182305071,255.7005425332128,251.2020240662169,337.96527091882876
labeled-data/AVI_sub5_5m_spon/img2986.png,377.4035960214231,171.56616122974197,419.47078667315856,247.28710440286574,434.4280100159978,306.18117131529533,251.2020240662169,177.17511998330667,245.5930653126522,262.244327745705,249.33237114836197,334.2259650831189
labeled-data/AVI_sub5_5m_spon/img3005.png,382.07772831606036,165.95720247617726,414.7966543785213,240.74331919037354,440.97179522848995,308.05082423315025,253.07167698407181,177.17511998330667,245.5930653126522,258.50502190999515,252.13685052514433,338.9000973777562
labeled-data/AVI_sub5_5m_spon/img3007.png,378.3384224803506,170.63133477081453,413.86182791959374,247.28710440286574,438.16731585170754,310.8553036099326,254.00650344299925,176.24029352437924,245.5930653126522,259.43984836892264,242.78858593586983,328.6170063295542
labeled-data/AVI_sub5_5m_spon/img3026.png,374.59911664464073,168.7616818529596,414.7966543785213,244.48262502608338,433.49318355707027,306.18117131529533,255.87615636085417,176.24029352437924,247.4627182305071,258.50502190999515,245.5930653126522,337.03044445990133
labeled-data/AVI_sub5_5m_spon/img3038.png,383.01255477498785,172.5009876886694,415.7314808374487,245.41745148501082,440.97179522848995,307.11599777422276,257.7458092787091,171.56616122974197,245.5930653126522,254.76571607428536,250.26719760728946,341.7045767545386
labeled-data/AVI_sub5_5m_spon/img3064.png,376.46876956249565,170.63133477081453,413.86182791959374,248.22193086179317,439.102142310635,298.7025596438757,254.00650344299925,179.0447729011616,246.52789177157962,261.30950128677756,253.07167698407181,339.83492383668363
labeled-data/AVI_sub5_5m_spon/img3075.png,383.9473812339153,176.24029352437924,412.9270014606663,246.35227794393825,436.2976629338527,304.3115183974404,254.00650344299925,175.30546706545175,245.5930653126522,261.30950128677756,245.5930653126522,334.2259650831189
labeled-data/AVI_sub5_5m_spon/img3085.png,378.3384224803506,174.37064060652432,417.6011337553036,247.28710440286574,436.2976629338527,308.9856506920777,259.61546219656395,178.10994644223416,245.5930653126522,259.43984836892264,248.39754468943454,334.2259650831189
labeled-data/AVI_sub5_5m_spon/img3088.png,382.07772831606036,173.4358141475969,417.6011337553036,246.35227794393825,432.55835709814284,306.18117131529533,251.2020240662169,176.24029352437924,243.72341239479726,256.6353689921403,252.13685052514433,335.16079154204635
labeled-data/AVI_sub5_5m_spon/img3095.png,378.3384224803506,166.8920289351047,417.6011337553036,245.41745148501082,438.16731585170754,308.9856506920777,253.07167698407181,172.5009876886694,249.33237114836197,264.1139806635599,252.13685052514433,334.2259650831189
labeled-data/AVI_sub5_5m_spon/img3098.png,374.59911664464073,176.24029352437924,414.7966543785213,247.28710440286574,435.36283647492525,307.11599777422276,257.7458092787091,179.0447729011616,243.72341239479726,260.3746748278501,248.39754468943454,337.03044445990133
labeled-data/AVI_sub5_5m_spon/img3102.png,381.1429018571329,171.56616122974197,419.47078667315856,249.15675732072066,437.2324893927801,309.9204771510051,257.7458092787091,174.37064060652432,247.4627182305071,258.50502190999515,242.78858593586983,328.6170063295542
labeled-data/AVI_sub5_5m_spon/img3113.png,381.1429018571329,172.5009876886694,415.7314808374487,244.48262502608338,438.16731585170754,307.11599777422276,256.8109828197816,179.0447729011616,246.52789177157962,258.50502190999515,250.26719760728946,342.63940321346604
labeled-data/AVI_sub5_5m_spon/img3119.png,380.20807539820544,171.56616122974197,417.6011337553036,244.48262502608338,438.16731585170754,304.3115183974404,254.00650344299925,178.10994644223416,245.5930653126522,267.8532864992697,254.00650344299925,329.55183278848165
labeled-data/AVI_sub5_5m_spon/img3121.png,383.01255477498785,176.24029352437924,418.535960214231,246.35227794393825,438.16731585170754,306.18117131529533,251.2020240662169,182.78407873687144,245.5930653126522,285.6149892188913,251.2020240662169,340.7697502956111
labeled-data/AVI_sub5_5m_spon/img3130.png,377.4035960214231,171.56616122974197,413.86182791959374,248.22193086179317,436.2976629338527,304.3115183974404,252.13685052514433,188.39303749043614,246.52789177157962,282.81050984210896,251.2020240662169,335.16079154204635
labeled-data/AVI_sub5_5m_spon/img3140.png,382.07772831606036,170.63133477081453,415.7314808374487,247.28710440286574,444.7111010641998,306.18117131529533,254.00650344299925,188.39303749043614,247.4627182305071,277.20155108854425,252.13685052514433,333.2911386241915
labeled-data/AVI_sub5_5m_spon/img3144.png,384.8822076928427,174.37064060652432,419.47078667315856,246.35227794393825,438.16731585170754,301.50703902065806,261.4851151144189,181.84925227794395,243.72341239479726,271.59259233497954,252.13685052514433,338.9000973777562
labeled-data/AVI_sub5_5m_spon/img3152.png,389.55633998748,168.7616818529596,420.405613132086,243.5477985671559,439.102142310635,302.4418654795855,271.76820616262086,174.37064060652432,242.78858593586983,253.83088961535788,250.26719760728946,321.1383946581346
labeled-data/AVI_sub5_5m_spon/img3159.png,398.90460457675454,165.95720247617726,422.27526604994085,240.74331919037354,440.97179522848995,301.50703902065806,294.20404117687974,156.6089378869027,239.98410655908748,213.63335188147738,247.4627182305071,296.8329067260208
labeled-data/AVI_sub5_5m_spon/img3164.png,407.3180427071016,170.63133477081453,429.75387772136054,246.35227794393825,444.7111010641998,303.376691938513,302.61747930722686,155.67411142797522,232.50549488766785,208.9592195868401,246.52789177157962,295.89808026709335
labeled-data/AVI_sub5_5m_spon/img3170.png,411.9921750017389,171.56616122974197,427.88422480350556,244.48262502608338,440.0369687695625,308.9856506920777,306.35678514293664,153.80445851012036,251.2020240662169,199.61095499756556,222.2224038394658,281.8756833831815
labeled-data/AVI_sub5_5m_spon/img3174.png,404.5135633303193,172.5009876886694,426.9493983445781,245.41745148501082,439.102142310635,308.05082423315025,290.46473534116996,154.7392849690478,250.26719760728946,213.63335188147738,233.44032134659528,295.89808026709335
labeled-data/AVI_sub5_5m_spon/img3187.png,393.29564582318983,174.37064060652432,420.405613132086,248.22193086179317,435.36283647492525,303.376691938513,274.5726855394032,164.08754955832234,242.78858593586983,246.35227794393825,239.98410655908748,313.65978298671496
labeled-data/AVI_sub5_5m_spon/img3188.png,391.4259929053349,171.56616122974197,424.14491896779583,247.28710440286574,440.0369687695625,304.3115183974404,274.5726855394032,166.8920289351047,252.13685052514433,237.00401335466375,240.9189330180149,310.8553036099326
labeled-data/AVI_sub5_5m_spon/img3194.png,392.36081936426234,164.08754955832234,423.2100925088683,241.67814564930103,443.77627460527225,307.11599777422276,270.8333797036934,166.8920289351047,245.5930653126522,246.35227794393825,248.39754468943454,323.0080475759895
labeled-data/AVI_sub5_5m_spon/img3205.png,391.4259929053349,165.95720247617726,423.2100925088683,247.28710440286574,440.97179522848995,306.18117131529533,272.70303262154835,168.7616818529596,248.39754468943454,237.9388398135912,240.9189330180149,308.05082423315025
labeled-data/AVI_sub5_5m_spon/img3207.png,394.23047228211726,167.82685539403212,428.819051262433,246.35227794393825,438.16731585170754,309.9204771510051,274.5726855394032,170.63133477081453,252.13685052514433,238.87366627251862,242.78858593586983,311.79013006886004
labeled-data/AVI_sub5_5m_spon/img3210.png,389.55633998748,168.7616818529596,419.47078667315856,245.41745148501082,435.36283647492525,312.72495652778747,272.70303262154835,165.95720247617726,250.26719760728946,237.9388398135912,243.72341239479726,314.5946094456424
labeled-data/AVI_sub5_5m_spon/img3211.png,387.68668706962507,172.5009876886694,425.07974542672326,241.67814564930103,435.36283647492525,310.8553036099326,272.70303262154835,166.8920289351047,241.85375947694234,236.06918689573627,236.24480072337764,314.5946094456424
labeled-data/AVI_sub5_5m_spon/img3214.png,394.23047228211726,171.56616122974197,423.2100925088683,240.74331919037354,439.102142310635,312.72495652778747,272.70303262154835,166.8920289351047,249.33237114836197,237.00401335466375,242.78858593586983,313.65978298671496
labeled-data/AVI_sub5_5m_spon/img3219.png,387.68668706962507,172.5009876886694,422.27526604994085,251.02641023857552,439.102142310635,309.9204771510051,273.6378590804758,167.82685539403212,253.07167698407181,239.8084927314461,250.26719760728946,317.39908882242474
labeled-data/AVI_sub5_5m_spon/img3223.png,395.1652987410447,175.30546706545175,425.07974542672326,249.15675732072066,443.77627460527225,312.72495652778747,276.44233845725813,175.30546706545175,251.2020240662169,239.8084927314461,251.2020240662169,309.9204771510051
labeled-data/AVI_sub5_5m_spon/img3227.png,388.62151352855255,175.30546706545175,420.405613132086,245.41745148501082,439.102142310635,310.8553036099326,278.31199137511305,166.8920289351047,250.26719760728946,236.06918689573627,248.39754468943454,313.65978298671496
labeled-data/AVI_sub5_5m_spon/img3230.png,389.55633998748,168.7616818529596,423.2100925088683,243.5477985671559,440.97179522848995,308.9856506920777,273.6378590804758,167.82685539403212,250.26719760728946,239.8084927314461,253.07167698407181,311.79013006886004
labeled-data/AVI_sub5_5m_spon/img3235.png,391.4259929053349,170.63133477081453,424.14491896779583,241.67814564930103,437.2324893927801,309.9204771510051,273.6378590804758,165.95720247617726,245.5930653126522,241.67814564930103,242.78858593586983,326.7473534116993
labeled-data/AVI_sub5_5m_spon/img3238.png,388.62151352855255,175.30546706545175,420.405613132086,241.67814564930103,444.7111010641998,298.7025596438757,268.02890032691107,170.63133477081453,243.72341239479726,250.0915837796481,243.72341239479726,318.33391528135223
labeled-data/AVI_sub5_5m_spon/img3239.png,394.23047228211726,170.63133477081453,417.6011337553036,243.5477985671559,439.102142310635,310.8553036099326,278.31199137511305,167.82685539403212,257.7458092787091,241.67814564930103,251.2020240662169,314.5946094456424
labeled-data/AVI_sub5_5m_spon/img3255.png,391.4259929053349,173.4358141475969,423.2100925088683,244.48262502608338,440.0369687695625,312.72495652778747,273.6378590804758,172.5009876886694,239.98410655908748,249.15675732072066,238.11445364123256,323.94287403491694
labeled-data/AVI_sub5_5m_spon/img3265.png,391.4259929053349,172.5009876886694,417.6011337553036,245.41745148501082,440.0369687695625,308.9856506920777,273.6378590804758,175.30546706545175,251.2020240662169,244.48262502608338,241.85375947694234,322.073221117062
labeled-data/AVI_sub5_5m_spon/img3269.png,387.68668706962507,174.37064060652432,416.66630729637615,240.74331919037354,442.8414481463448,308.05082423315025,268.9637267858385,175.30546706545175,249.33237114836197,250.0915837796481,229.70101551088544,317.39908882242474
labeled-data/AVI_sub5_5m_spon/img3272.png,392.36081936426234,172.5009876886694,424.14491896779583,249.15675732072066,444.7111010641998,308.05082423315025,283.92095012867776,171.56616122974197,248.39754468943454,243.5477985671559,232.50549488766785,310.8553036099326
labeled-data/AVI_sub5_5m_spon/img3276.png,401.7090839535369,168.7616818529596,427.88422480350556,240.74331919037354,443.77627460527225,303.376691938513,276.44233845725813,172.5009876886694,250.26719760728946,243.5477985671559,237.17962718230507,301.50703902065806
labeled-data/AVI_sub5_5m_spon/img3282.png,399.83943103568197,171.56616122974197,426.9493983445781,239.8084927314461,442.8414481463448,300.5722125617306,274.5726855394032,172.5009876886694,242.78858593586983,245.41745148501082,232.50549488766785,294.0284273492384
labeled-data/AVI_sub5_5m_spon/img3293.png,407.3180427071016,188.39303749043614,425.07974542672326,238.87366627251862,436.2976629338527,300.5722125617306,274.5726855394032,170.63133477081453,257.7458092787091,227.6557487653892,247.4627182305071,296.8329067260208
labeled-data/AVI_sub5_5m_spon/img3296.png,407.3180427071016,168.7616818529596,426.0145718856507,241.67814564930103,448.4504068999095,302.4418654795855,282.9861236697503,174.37064060652432,255.87615636085417,226.72092230646172,239.04928010016,291.2239479724561
labeled-data/AVI_sub5_5m_spon/img3302.png,402.6439104124643,168.7616818529596,425.07974542672326,243.5477985671559,440.0369687695625,301.50703902065806,276.44233845725813,170.63133477081453,245.5930653126522,228.59057522431664,238.11445364123256,297.7677331849482
labeled-data/AVI_sub5_5m_spon/img3310.png,398.90460457675454,172.5009876886694,426.9493983445781,236.06918689573627,440.0369687695625,309.9204771510051,273.6378590804758,171.56616122974197,251.2020240662169,227.6557487653892,236.24480072337764,303.376691938513
labeled-data/AVI_sub5_5m_spon/img3317.png,402.6439104124643,170.63133477081453,426.0145718856507,238.87366627251862,445.6459275231272,303.376691938513,272.70303262154835,171.56616122974197,250.26719760728946,246.35227794393825,238.11445364123256,303.376691938513
labeled-data/AVI_sub5_5m_spon/img3318.png,405.44838978924673,170.63133477081453,428.819051262433,243.5477985671559,444.7111010641998,301.50703902065806,282.05129721082284,176.24029352437924,247.4627182305071,241.67814564930103,246.52789177157962,299.63738610280313
labeled-data/AVI_sub5_5m_spon/img3329.png,394.23047228211726,157.54376434583014,427.88422480350556,238.87366627251862,442.8414481463448,297.7677331849482,272.70303262154835,182.78407873687144,241.85375947694234,243.5477985671559,232.50549488766785,299.63738610280313
labeled-data/AVI_sub5_5m_spon/img3341.png,397.9697781178271,168.7616818529596,428.819051262433,237.9388398135912,442.8414481463448,301.50703902065806,273.6378590804758,179.0447729011616,251.2020240662169,243.5477985671559,239.98410655908748,311.79013006886004
labeled-data/AVI_sub5_5m_spon/img3350.png,399.83943103568197,166.8920289351047,420.405613132086,235.13436043680883,443.77627460527225,307.11599777422276,274.5726855394032,183.71890519579887,246.52789177157962,255.7005425332128,226.8965361341031,321.1383946581346
labeled-data/AVI_sub5_5m_spon/img3353.png,396.1001251999722,165.95720247617726,428.819051262433,238.87366627251862,445.6459275231272,302.4418654795855,272.70303262154835,182.78407873687144,246.52789177157962,251.02641023857552,236.24480072337764,320.20356819920715
labeled-data/AVI_sub5_5m_spon/img3356.png,397.0349516588996,165.02237601724977,434.4280100159978,240.74331919037354,447.5155804409821,298.7025596438757,278.31199137511305,177.17511998330667,256.8109828197816,245.41745148501082,256.8109828197816,311.79013006886004
labeled-data/AVI_sub5_5m_spon/img3365.png,393.29564582318983,170.63133477081453,424.14491896779583,244.48262502608338,442.8414481463448,300.5722125617306,278.31199137511305,193.06716978507342,264.2895944912012,254.76571607428536,254.00650344299925,313.65978298671496
labeled-data/AVI_sub5_5m_spon/img3373.png,399.83943103568197,167.82685539403212,429.75387772136054,241.67814564930103,448.4504068999095,300.5722125617306,280.181644292968,184.6537316547263,255.87615636085417,250.0915837796481,241.85375947694234,313.65978298671496
labeled-data/AVI_sub5_5m_spon/img3377.png,397.9697781178271,168.7616818529596,427.88422480350556,236.06918689573627,443.77627460527225,301.50703902065806,264.2895944912012,185.5885581136538,248.39754468943454,259.43984836892264,235.3099742644502,311.79013006886004
labeled-data/AVI_sub5_5m_spon/img3382.png,397.0349516588996,165.02237601724977,429.75387772136054,239.8084927314461,438.16731585170754,309.9204771510051,279.2468178340405,193.06716978507342,256.8109828197816,251.02641023857552,242.78858593586983,313.65978298671496
labeled-data/AVI_sub5_5m_spon/img3389.png,402.6439104124643,167.82685539403212,433.49318355707027,233.2647075189539,445.6459275231272,303.376691938513,264.2895944912012,179.0447729011616,246.52789177157962,249.15675732072066,227.83136259303058,302.4418654795855
labeled-data/AVI_sub5_5m_spon/img3401.png,396.1001251999722,163.1527230993949,422.27526604994085,219.2423106350421,440.0369687695625,282.81050984210896,270.8333797036934,174.37064060652432,254.00650344299925,229.52540168324413,246.52789177157962,283.74533630103645
labeled-data/AVI_sub5_5m_spon/img3408.png,393.29564582318983,150.999979133338,433.49318355707027,205.21991375113032,444.7111010641998,280.9408569242541,283.92095012867776,165.95720247617726,260.55028865549144,228.59057522431664,243.72341239479726,281.8756833831815
labeled-data/AVI_sub5_5m_spon/img3412.png,393.29564582318983,145.39102037977324,428.819051262433,192.13234332614593,436.2976629338527,264.1139806635599,273.6378590804758,154.7392849690478,251.2020240662169,224.85126938860685,242.78858593586983,268.7881129581972
labeled-data/AVI_sub5_5m_spon/img3423.png,407.3180427071016,145.39102037977324,449.38523335883707,174.37064060652432,438.16731585170754,247.28710440286574,286.7254295054601,150.999979133338,266.15924740905615,203.3502608332754,263.3547680322738,258.50502190999515
labeled-data/AVI_sub5_5m_spon/img3425.png,414.7966543785213,150.0651526744105,450.3200598177645,189.32786394936358,435.36283647492525,261.30950128677756,287.6602559643876,156.6089378869027,263.3547680322738,212.69852542254995,268.9637267858385,262.244327745705
labeled-data/AVI_sub5_5m_spon/img3434.png,407.3180427071016,148.1954997565556,442.8414481463448,185.5885581136538,439.102142310635,264.1139806635599,282.05129721082284,164.08754955832234,250.26719760728946,216.43783125825973,267.0940738679836,273.4622452528344
labeled-data/AVI_sub5_5m_spon/img3436.png,426.9493983445781,148.1954997565556,455.9290185713292,194.93682270292828,443.77627460527225,251.02641023857552,289.52990888224247,174.37064060652432,253.07167698407181,205.21991375113032,256.8109828197816,266.91846004034227
labeled-data/AVI_sub5_5m_spon/img3440.png,418.535960214231,142.58654100299088,440.97179522848995,198.67612853863812,436.2976629338527,262.244327745705,277.37716491618556,168.7616818529596,249.33237114836197,222.98161647075193,237.17962718230507,272.527418793907
labeled-data/AVI_sub5_5m_spon/img3442.png,412.9270014606663,141.65171454406345,440.0369687695625,192.13234332614593,442.8414481463448,262.244327745705,278.31199137511305,176.24029352437924,256.8109828197816,220.17713709396958,232.50549488766785,258.50502190999515
labeled-data/AVI_sub5_5m_spon/img3444.png,406.38321624817416,137.9124087083536,438.16731585170754,196.8064756207832,439.102142310635,261.30950128677756,278.31199137511305,161.28307018153998,259.61546219656395,220.17713709396958,239.04928010016,264.1139806635599
labeled-data/AVI_sub5_5m_spon/img3449.png,404.5135633303193,136.97758224942618,437.2324893927801,192.13234332614593,437.2324893927801,258.50502190999515,277.37716491618556,158.47859080475763,255.87615636085417,227.6557487653892,245.5930653126522,276.2667246296168
labeled-data/AVI_sub5_5m_spon/img3456.png,397.9697781178271,132.3034499547889,435.36283647492525,192.13234332614593,437.2324893927801,266.91846004034227,279.2468178340405,152.86963205119287,249.33237114836197,224.85126938860685,233.44032134659528,264.1139806635599
labeled-data/AVI_sub5_5m_spon/img3458.png,399.83943103568197,132.3034499547889,436.2976629338527,196.8064756207832,439.102142310635,264.1139806635599,281.1164707518954,157.54376434583014,257.7458092787091,229.52540168324413,231.57066842874036,267.8532864992697
labeled-data/AVI_sub5_5m_spon/img3464.png,401.7090839535369,133.23827641371633,436.2976629338527,192.13234332614593,436.2976629338527,256.6353689921403,280.181644292968,150.999979133338,258.6806357376365,223.91644292967936,246.52789177157962,265.9836335814148
labeled-data/AVI_sub5_5m_spon/img3465.png,399.83943103568197,131.36862349586147,433.49318355707027,196.8064756207832,437.2324893927801,261.30950128677756,278.31199137511305,157.54376434583014,258.6806357376365,228.59057522431664,245.5930653126522,265.04880712248735
labeled-data/AVI_sub5_5m_spon/img3468.png,398.90460457675454,135.10792933157126,438.16731585170754,192.13234332614593,439.102142310635,262.244327745705,282.9861236697503,158.47859080475763,254.00650344299925,230.46022814217156,251.2020240662169,280.0060304653266
labeled-data/AVI_sub5_5m_spon/img3470.png,395.1652987410447,132.3034499547889,434.4280100159978,197.7413020797107,433.49318355707027,259.43984836892264,282.05129721082284,157.54376434583014,257.7458092787091,230.46022814217156,267.0940738679836,280.9408569242541
labeled-data/AVI_sub5_5m_spon/img3479.png,397.9697781178271,127.62931766015163,440.0369687695625,196.8064756207832,439.102142310635,257.5701954510677,283.92095012867776,157.54376434583014,259.61546219656395,227.6557487653892,251.2020240662169,269.7229394171246
labeled-data/AVI_sub5_5m_spon/img3483.png,397.9697781178271,135.10792933157126,439.102142310635,200.54578145649305,440.0369687695625,258.50502190999515,283.92095012867776,160.3482437226125,263.3547680322738,226.72092230646172,264.2895944912012,276.2667246296168
labeled-data/AVI_sub5_5m_spon/img3490.png,398.90460457675454,132.3034499547889,435.36283647492525,198.67612853863812,440.0369687695625,259.43984836892264,280.181644292968,158.47859080475763,257.7458092787091,230.46022814217156,267.0940738679836,282.81050984210896
labeled-data/AVI_sub5_5m_spon/img3494.png,402.6439104124643,131.36862349586147,439.102142310635,196.8064756207832,440.97179522848995,259.43984836892264,282.9861236697503,162.21789664046742,256.8109828197816,229.52540168324413,254.00650344299925,279.07120400639917
labeled-data/AVI_sub5_5m_spon/img3501.png,403.57873687139175,134.17310287264382,438.16731585170754,203.3502608332754,438.16731585170754,264.1139806635599,283.92095012867776,156.6089378869027,257.7458092787091,231.395054601099,257.7458092787091,283.74533630103645
labeled-data/AVI_sub5_5m_spon/img3507.png,397.9697781178271,131.36862349586147,437.2324893927801,195.87164916185577,440.0369687695625,262.244327745705,277.37716491618556,154.7392849690478,257.7458092787091,229.52540168324413,259.61546219656395,280.9408569242541
labeled-data/AVI_sub5_5m_spon/img3512.png,398.90460457675454,129.49897057800655,438.16731585170754,196.8064756207832,443.77627460527225,261.30950128677756,282.9861236697503,157.54376434583014,261.4851151144189,225.78609584753428,264.2895944912012,285.6149892188913
labeled-data/AVI_sub5_5m_spon/img3514.png,397.0349516588996,131.36862349586147,440.0369687695625,200.54578145649305,442.8414481463448,264.1139806635599,282.05129721082284,162.21789664046742,262.4199415733463,227.6557487653892,269.89855324476594,280.0060304653266
labeled-data/AVI_sub5_5m_spon/img3519.png,397.9697781178271,127.62931766015163,436.2976629338527,198.67612853863812,444.7111010641998,265.9836335814148,280.181644292968,157.54376434583014,261.4851151144189,229.52540168324413,261.4851151144189,282.81050984210896
labeled-data/AVI_sub5_5m_spon/img3525.png,403.57873687139175,131.36862349586147,438.16731585170754,197.7413020797107,443.77627460527225,268.7881129581972,282.05129721082284,155.67411142797522,263.3547680322738,223.91644292967936,256.8109828197816,278.1363775474717
labeled-data/AVI_sub5_5m_spon/img3528.png,399.83943103568197,130.43379703693398,437.2324893927801,202.41543437434797,439.102142310635,267.8532864992697,280.181644292968,158.47859080475763,253.07167698407181,225.78609584753428,262.4199415733463,278.1363775474717
labeled-data/AVI_sub5_5m_spon/img3536.png,399.83943103568197,136.0427557904987,440.0369687695625,204.28508729220283,443.77627460527225,267.8532864992697,278.31199137511305,161.28307018153998,258.6806357376365,225.78609584753428,253.07167698407181,270.65776587605205
labeled-data/AVI_sub5_5m_spon/img3543.png,398.90460457675454,130.43379703693398,439.102142310635,202.41543437434797,440.97179522848995,262.244327745705,279.2468178340405,164.08754955832234,260.55028865549144,224.85126938860685,247.4627182305071,277.20155108854425
labeled-data/AVI_sub5_5m_spon/img3546.png,397.0349516588996,132.3034499547889,438.16731585170754,197.7413020797107,443.77627460527225,261.30950128677756,282.05129721082284,156.6089378869027,260.55028865549144,225.78609584753428,249.33237114836197,273.4622452528344
labeled-data/AVI_sub5_5m_spon/img3554.png,402.6439104124643,130.43379703693398,438.16731585170754,196.8064756207832,442.8414481463448,262.244327745705,282.05129721082284,163.1527230993949,260.55028865549144,225.78609584753428,250.26719760728946,270.65776587605205
labeled-data/AVI_sub5_5m_spon/img3559.png,398.90460457675454,130.43379703693398,439.102142310635,198.67612853863812,445.6459275231272,265.04880712248735,278.31199137511305,161.28307018153998,259.61546219656395,230.46022814217156,252.13685052514433,278.1363775474717
labeled-data/AVI_sub5_5m_spon/img3564.png,399.83943103568197,126.6944912012242,437.2324893927801,196.8064756207832,444.7111010641998,259.43984836892264,281.1164707518954,160.3482437226125,258.6806357376365,221.111963552897,250.26719760728946,269.7229394171246
labeled-data/AVI_sub5_5m_spon/img3565.png,402.6439104124643,129.49897057800655,440.97179522848995,202.41543437434797,444.7111010641998,265.04880712248735,281.1164707518954,156.6089378869027,255.87615636085417,224.85126938860685,246.52789177157962,277.20155108854425
labeled-data/AVI_sub5_5m_spon/img3570.png,397.9697781178271,131.36862349586147,434.4280100159978,197.7413020797107,440.97179522848995,267.8532864992697,282.9861236697503,164.08754955832234,263.3547680322738,220.17713709396958,248.39754468943454,272.527418793907
labeled-data/AVI_sub5_5m_spon/img3582.png,397.9697781178271,121.08553244765943,439.102142310635,194.93682270292828,443.77627460527225,262.244327745705,277.37716491618556,165.02237601724977,257.7458092787091,221.111963552897,253.07167698407181,273.4622452528344
labeled-data/AVI_sub5_5m_spon/img3590.png,396.1001251999722,127.62931766015163,443.77627460527225,190.26269040829106,446.58075398205466,264.1139806635599,268.02890032691107,162.21789664046742,259.61546219656395,216.43783125825973,245.5930653126522,269.7229394171246
labeled-data/AVI_sub5_5m_spon/img3592.png,395.1652987410447,133.23827641371633,439.102142310635,192.13234332614593,449.38523335883707,265.04880712248735,274.5726855394032,174.37064060652432,255.87615636085417,227.6557487653892,241.85375947694234,270.65776587605205
labeled-data/AVI_sub5_5m_spon/img3596.png,388.62151352855255,130.43379703693398,437.2324893927801,194.00199624400085,440.97179522848995,267.8532864992697,272.70303262154835,158.47859080475763,260.55028865549144,208.02439312791267,247.4627182305071,246.35227794393825
labeled-data/AVI_sub5_5m_spon/img3600.png,394.23047228211726,126.6944912012242,433.49318355707027,188.39303749043614,446.58075398205466,269.7229394171246,249.33237114836197,156.6089378869027,237.17962718230507,206.15474021005775,231.57066842874036,245.41745148501082
labeled-data/AVI_sub5_5m_spon/img3605.png,397.9697781178271,130.43379703693398,442.8414481463448,185.5885581136538,450.3200598177645,265.04880712248735,271.76820616262086,155.67411142797522,254.00650344299925,205.21991375113032,235.3099742644502,246.35227794393825
labeled-data/AVI_sub5_5m_spon/img3607.png,396.1001251999722,133.23827641371633,440.0369687695625,194.93682270292828,449.38523335883707,264.1139806635599,273.6378590804758,162.21789664046742,254.00650344299925,209.8940460457676,241.85375947694234,262.244327745705
labeled-data/AVI_sub5_5m_spon/img3609.png,392.36081936426234,136.0427557904987,442.8414481463448,196.8064756207832,447.5155804409821,264.1139806635599,274.5726855394032,154.7392849690478,254.00650344299925,204.28508729220283,239.98410655908748,260.3746748278501
labeled-data/AVI_sub5_5m_spon/img3612.png,389.55633998748,140.71688808513596,432.55835709814284,194.00199624400085,446.58075398205466,264.1139806635599,271.76820616262086,153.80445851012036,232.50549488766785,206.15474021005775,208.20000695555404,262.244327745705
labeled-data/AVI_sub5_5m_spon/img3613.png,386.75186061069763,136.0427557904987,436.2976629338527,195.87164916185577,448.4504068999095,256.6353689921403,276.44233845725813,150.999979133338,241.85375947694234,205.21991375113032,242.78858593586983,258.50502190999515
labeled-data/AVI_sub5_5m_spon/img3622.png,392.36081936426234,131.36862349586147,437.2324893927801,184.6537316547263,445.6459275231272,259.43984836892264,286.7254295054601,154.7392849690478,270.8333797036934,245.41745148501082,298.878173471517,318.33391528135223
labeled-data/AVI_sub5_5m_spon/img3631.png,371.7946372678584,109.86761494053002,437.2324893927801,148.1954997565556,468.08176253738606,221.111963552897,266.15924740905615,126.6944912012242,268.02890032691107,214.5681783404048,288.59508242331503,304.3115183974404
labeled-data/AVI_sub5_5m_spon/img3638.png,336.27123182861516,4.232225081727734,389.55633998748,43.494936356680796,466.2121096195312,116.41140015302216,175.48108089309318,14.515316129929715,196.98208944842457,140.71688808513596,221.28757738053838,248.22193086179317
labeled-data/AVI_sub5_5m_spon/img3641.png,,,385.8170341517702,17.319795506712126,440.97179522848995,61.25663907630246,160.52385755025392,6.101877999582598,153.98007233776173,50.038721569172935,153.98007233776173,133.23827641371633
labeled-data/AVI_sub5_5m_spon/img3644.png,,,,,,,,,,,,
labeled-data/AVI_sub5_5m_spon/img3649.png,,,,,,,,,,,,
labeled-data/AVI_sub5_5m_spon/img3655.png,,,,,,,,,,,,
labeled-data/AVI_sub5_5m_spon/img3664.png,,,,,,,,,,,,
labeled-data/AVI_sub5_5m_spon/img3670.png,,,,,,,,,,,,
labeled-data/AVI_sub5_5m_spon/img3681.png,,,,,,,,,,,,
labeled-data/AVI_sub5_5m_spon/img3683.png,,,,,,,,,,,,
labeled-data/AVI_sub5_5m_spon/img3688.png,,,,,,,,,,,,
labeled-data/AVI_sub5_5m_spon/img3691.png,,,,,,,,,,,,
labeled-data/AVI_sub5_5m_spon/img3696.png,,,,,,,,,,,,
labeled-data/AVI_sub5_5m_spon/img3700.png,,,,,,,,,,,,
labeled-data/AVI_sub5_5m_spon/img3705.png,,,,,,,,,,,,
labeled-data/AVI_sub5_5m_spon/img3719.png,,,,,,,,,,,,
labeled-data/AVI_sub5_5m_spon/img3724.png,,,,,,,,,,,,
labeled-data/AVI_sub5_5m_spon/img3729.png,,,,,,,,,,,,
labeled-data/AVI_sub5_5m_spon/img3739.png,,,,,,,,,,,,
labeled-data/AVI_sub5_5m_spon/img3748.png,,,,,,,,,,,,
labeled-data/AVI_sub5_5m_spon/img3757.png,,,,,,,,,,,,
labeled-data/AVI_sub5_5m_spon/img3761.png,,,,,,,,,,,,
labeled-data/AVI_sub5_5m_spon/img3762.png,,,,,,,,,,,,
labeled-data/AVI_sub5_5m_spon/img3764.png,,,,,,,,,,,,
labeled-data/AVI_sub5_5m_spon/img3768.png,,,,,,,,,,,,
labeled-data/AVI_sub5_5m_spon/img3769.png,,,,,,,,,,,,
labeled-data/AVI_sub5_5m_spon/img3775.png,,,,,,,,,,,,
labeled-data/AVI_sub5_5m_spon/img3778.png,,,,,,,,,,,,
labeled-data/AVI_sub5_5m_spon/img3798.png,,,,,,,,,,,,
labeled-data/AVI_sub5_5m_spon/img3802.png,,,,,,,,,,,,
labeled-data/AVI_sub5_5m_spon/img3804.png,,,,,,,,,,,,
labeled-data/AVI_sub5_5m_spon/img3811.png,,,,,,,,,,,,
labeled-data/AVI_sub5_5m_spon/img3840.png,,,,,,,,,,,,
labeled-data/AVI_sub5_5m_spon/img3842.png,,,,,,,,,,,,
labeled-data/AVI_sub5_5m_spon/img3843.png,,,,,,,,,,,,
labeled-data/AVI_sub5_5m_spon/img3846.png,,,,,,,,,,,,
labeled-data/AVI_sub5_5m_spon/img3848.png,,,,,,,,,,,,
labeled-data/AVI_sub5_5m_spon/img3857.png,,,,,,,,,,,,
labeled-data/AVI_sub5_5m_spon/img3864.png,,,,,,,,,,,,
labeled-data/AVI_sub5_5m_spon/img3868.png,,,,,,,,,,,,
labeled-data/AVI_sub5_5m_spon/img3871.png,,,,,,,,,,,,
labeled-data/AVI_sub5_5m_spon/img3880.png,,,,,,,,,,,,
labeled-data/AVI_sub5_5m_spon/img3894.png,,,,,,,,,,,,
labeled-data/AVI_sub5_5m_spon/img3898.png,,,,,,,,,,,,
labeled-data/AVI_sub5_5m_spon/img3909.png,,,,,,,,,,,,
labeled-data/AVI_sub5_5m_spon/img3925.png,,,,,,,,,,,,
labeled-data/AVI_sub5_5m_spon/img3928.png,,,,,,,,,,,,
labeled-data/AVI_sub5_5m_spon/img3934.png,,,,,,,,,,,,
labeled-data/AVI_sub5_5m_spon/img3935.png,,,,,,,,,,,,
labeled-data/AVI_sub5_5m_spon/img3936.png,,,,,,,,,,,,
labeled-data/AVI_sub5_5m_spon/img3938.png,,,,,,,,,,,,
labeled-data/AVI_sub5_5m_spon/img3941.png,,,,,,,,,,,,
labeled-data/AVI_sub5_5m_spon/img3949.png,,,,,,,,,,,,
labeled-data/AVI_sub5_5m_spon/img3950.png,,,,,,,,,,,,
labeled-data/AVI_sub5_5m_spon/img3958.png,,,,,,,,,,,,
labeled-data/AVI_sub5_5m_spon/img3959.png,,,,,,,,,,,,
labeled-data/AVI_sub5_5m_spon/img3963.png,,,,,,,,,,,,
labeled-data/AVI_sub5_5m_spon/img3992.png,,,,,,,,,,,,
labeled-data/AVI_sub5_5m_spon/img4014.png,,,,,,,,,,,,
labeled-data/AVI_sub5_5m_spon/img4038.png,,,,,,,,,,,,
labeled-data/AVI_sub5_5m_spon/img4083.png,,,,,,,,,,,,
labeled-data/AVI_sub5_5m_spon/img4107.png,,,,,,,,,,,,
labeled-data/AVI_sub5_5m_spon/img4130.png,,,,,,,,,,,,
